133,4,0,4.4063,-0.42188,0,13
133,4,0,4.4336,-0.52539,0,12
133,4,0,4.4199,-0.23242,0.33461,25
133,4,0,4.4609,-0.17578,0.33461,20
134,3,0,4.4277,-0.57031,0.66921,19
134,3,0,4.4785,-0.46875,0.66921,23
134,3,0.1582,4.9414,-0.9375,-0.33461,18
135,7,0,4.9551,-0.12109,0.33461,18
135,7,0.15625,4.9805,-0.33008,0.33461,19
135,7,0.1582,5.0098,-0.44727,0.33461,18
135,7,0.1543,4.8711,-0.66602,-0.33461,20
135,7,0.1543,4.8906,-0.79297,-0.33461,27
135,7,0.15625,4.9121,-0.88867,-0.33461,32
135,7,0.31445,4.9316,-0.94531,-0.33461,28
136,6,0,4.9434,-0.71094,0.33461,18
136,6,0,4.6113,-0.62109,0.66921,25
136,6,0,4.5879,-0.98047,0.66921,18
136,6,-0.14453,4.6113,-0.11914,1.0038,17
136,6,-0.14453,4.6406,-0.31836,1.0038,30
136,6,0,4.666,-0.48047,1.0038,23
137,9,0,4.6426,-0.90234,0.33461,24
137,9,0,4.6738,-0.93945,0.33461,20
137,9,-0.29297,4.6738,-0.2793,0.66921,26
137,9,-0.14844,4.7051,-0.45508,0.66921,47
137,9,0,4.7422,-0.48242,0.66921,40
137,9,0,4.752,-0.70898,0.66921,15
137,9,0,4.7285,-0.125,1.0038,26
137,9,0,4.7598,-0.26367,1.0038,22
137,9,0.1543,4.8281,-0.92188,-0.33461,18
138,12,0,4.7188,-0.67969,0,18
138,12,0,4.75,-0.73047,0,23
138,12,0,4.7754,-0.80078,0,13
138,12,-0.14844,4.7559,-0.29883,0.33461,39
138,12,0,4.7871,-0.40625,0.33461,50
138,12,0,4.8145,-0.52148,0.33461,27
138,12,0,4.7656,-0.066406,0.66921,32
138,12,0,4.8047,-0.099609,0.66921,40
138,12,0,4.8281,-0.37109,0.66921,21
138,12,-0.1543,4.9141,-0.62695,0.66921,21
138,12,4.0215,0,5.7578,-0.33461,15
138,12,6.5605,1.2949,-1.0703,-0.33461,13
139,2,0,4.832,-0.33398,0.33461,17
139,2,0,4.8555,-0.48633,0.33461,17
140,1,-0.30273,4.8242,-0.30078,0.33461,18
169,5,0,4.4434,-0.43555,0.33461,14
169,5,0,4.4766,-0.47266,0.33461,14
169,5,0.31055,4.8574,-0.93164,-0.33461,12
169,5,0.46875,4.9004,-0.8418,-0.33461,19
169,5,0.31445,4.9336,-0.93555,-0.33461,16
170,2,4.0215,0,5.9727,-0.33461,13
170,2,-0.42383,6.6563,-1.1719,-0.33461,12
171,3,0,4.7715,-1.1973,-0.33461,14
171,3,4.0215,0,5.8242,-0.33461,14
171,3,-6.7715,0,-0.77734,-0.33461,12
172,8,0,4.6387,-0.36328,0.66921,16
172,8,-0.29883,4.7363,-0.45898,0.66921,18
172,8,-0.15039,4.7734,-0.5293,0.66921,20
172,8,0,4.8535,-0.79297,-0.33461,17
172,8,3.998,0,5.623,-0.33461,14
172,8,4.0215,0,5.5176,-0.33461,17
172,8,6.5234,1.3633,-0.9668,-0.33461,13
172,8,6.5605,1.3008,-1.0625,-0.33461,15
173,7,-0.14648,4.6602,-0.51953,0.66921,28
173,7,-0.14844,4.707,-0.42383,0.66921,36
173,7,0,4.7285,-0.59961,0.66921,23
173,7,-0.29297,4.6738,-0.26563,1.0038,19
173,7,-0.14844,4.7246,-0.1582,1.0038,25
173,7,4.0215,0,5.9648,-0.33461,15
173,7,-0.42383,6.5898,-1.502,-0.33461,15
174,4,0,4.8516,-0.80859,0.33461,14
174,4,0,4.9004,-0.74805,0.33461,18
174,4,0,4.9551,-0.62109,0.33461,18
174,4,-0.31055,4.918,-0.53125,0.66921,18
175,7,0,4.7734,-0.54297,0,13
175,7,0,4.7891,-0.71484,0,13
175,7,-0.30078,4.791,-0.20508,0.33461,22
175,7,-0.30273,4.8145,-0.4375,0.33461,23
175,7,0,4.8594,-0.45898,0.33461,17
175,7,0.31055,4.8984,-0.68945,-0.33461,16
175,7,0.15625,4.8926,-0.99023,-0.33461,19
176,3,0,4.8066,-0.84766,0,11
176,3,-0.30273,4.832,-0.10938,0.33461,16
176,3,0,4.8711,-0.29688,0.33461,15
207,2,0,4.4473,-0.39453,0.33461,12
207,2,0,4.5996,-0.39453,0.33461,19
208,4,0,4.4805,-0.44922,0.33461,16
208,4,-0.14063,4.5,-0.052734,0.66921,18
208,4,0.3125,4.9316,-0.72656,-0.33461,20
208,4,0.31445,4.9199,-1.0078,-0.33461,20
209,1,0,4.5508,-0.49023,0.66921,17
210,5,0,4.5898,-0.48633,0.66921,24
210,5,0,4.6367,-0.40625,0.66921,24
210,5,-0.29883,4.7168,-0.62695,0.66921,19
210,5,4.0215,0,5.9531,-0.33461,18
210,5,-0.21094,6.7129,-0.87109,-0.33461,18
211,5,0,4.9551,-0.61914,0.33461,21
211,5,0,4.9863,-0.68164,0.33461,21
211,5,0.3125,4.9023,-0.89648,-0.33461,15
211,5,4.0215,0,5.7031,-0.33461,18
211,5,-0.63477,6.6074,-1.3438,-0.33461,15
213,1,0,4.793,-0.33008,0.33461,19
214,4,0,4.8965,-0.76758,0,14
214,4,0,4.8926,-1,0,11
214,4,-0.1543,4.9063,-0.68164,0.33461,26
214,4,0,4.9297,-0.80469,0.33461,22
215,11,0,4.8066,-0.5957,0,22
215,11,0,4.8379,-0.63672,0,32
215,11,0,4.8711,-0.67969,0,25
215,11,0,4.9082,-0.68164,0,11
215,11,-0.15039,4.8281,-0.34375,0.33461,42
215,11,0,4.8613,-0.43164,0.33461,61
215,11,0,4.8848,-0.57617,0.33461,45
215,11,0,4.9082,-0.69141,0.33461,19
215,11,-0.30273,4.832,-0.10938,0.66921,19
215,11,0,4.875,-0.21094,0.66921,27
215,11,-0.1543,4.8945,-0.45898,0.66921,20
247,5,0,4.4063,-0.7207,0,14
247,5,0,4.4297,-0.80078,0,10
247,5,0,4.4063,-0.42969,0.33461,16
247,5,0,4.4473,-0.38086,0.33461,24
247,5,0,4.4688,-0.54297,0.33461,17
248,5,0,4.416,-0.6582,0,9
248,5,0,4.4434,-0.73047,0,13
248,5,0,4.4414,-0.44531,0.33461,19
248,5,0,4.4785,-0.45703,0.33461,26
248,5,0,4.5039,-0.57031,0.33461,17
249,4,0,4.4648,-0.57617,0.33461,18
249,4,0,4.5137,-0.48828,0.33461,20
249,4,0,4.4961,-0.22852,0.66921,17
249,4,0,4.5313,-0.29492,0.66921,19
251,11,0,4.6055,-0.66992,0.33461,20
251,11,0,4.6211,-0.80664,0.33461,21
251,11,0,4.6641,-0.78125,0.33461,17
251,11,-0.14844,4.6836,-0.875,0.33461,20
251,11,-0.14453,4.6055,-0.27539,0.66921,16
251,11,0,4.6328,-0.43945,0.66921,34
251,11,0,4.666,-0.48438,0.66921,34
251,11,0,4.6992,-0.52539,0.66921,21
251,11,-0.29883,4.7266,-0.54492,0.66921,21
251,11,-0.14453,4.6406,-0.31055,1.0038,18
251,11,0,4.6777,-0.36133,1.0038,17
252,7,0,4.6211,-0.80664,0.33461,17
252,7,0,4.6621,-0.79492,0.33461,23
252,7,0,4.6523,-1.043,0.33461,16
252,7,0,4.6719,-0.43359,0.66921,28
252,7,-0.14844,4.7012,-0.48633,0.66921,39
252,7,0,4.7324,-0.57227,0.66921,25
252,7,-0.14844,4.7227,-0.21875,1.0038,18
253,7,0,4.7148,-0.70313,0,13
253,7,0,4.6895,-1.043,0,15
253,7,0,4.7344,-0.55859,0.33461,38
253,7,-0.15039,4.752,-0.69531,0.33461,42
253,7,0,4.7266,-0.18359,0.66921,17
253,7,-0.14844,4.7598,-0.22656,0.66921,43
253,7,0,4.791,-0.35742,0.66921,45
254,10,0,4.7617,-0.63867,0,34
254,10,0,4.7813,-0.76367,0,45
254,10,0,4.793,-0.91797,0,27
254,10,-0.14844,4.7461,-0.41992,0.33461,22
254,10,-0.15039,4.7871,-0.38281,0.33461,63
254,10,0,4.8125,-0.53516,0.33461,82
254,10,-0.15234,4.832,-0.66602,0.33461,48
254,10,-0.15039,4.7988,-0.17773,0.66921,42
254,10,-0.15039,4.834,-0.26367,0.66921,54
254,10,-0.15234,4.8535,-0.49414,0.66921,29
255,6,0,4.7891,-0.71484,0,18
255,6,0,4.8223,-0.74609,0,22
255,6,0,4.8633,-0.73828,0,15
255,6,-0.15039,4.8301,-0.32617,0.33461,34
255,6,0,4.8594,-0.44727,0.33461,40
255,6,-0.1543,4.8828,-0.57617,0.33461,24
256,3,-0.1543,4.9063,-0.30664,0.33461,17
256,3,0,4.9512,-0.24219,0.33461,16
256,3,0,4.9609,-0.57617,0.33461,17
292,6,0,4.3633,-0.47461,0,10
292,6,0,4.4023,-0.46875,0,14
292,6,0,4.4375,-0.49609,0,12
292,6,0,4.3887,-0.056641,0.33461,18
292,6,0,4.4238,-0.16211,0.33461,27
292,6,0,4.459,-0.19922,0.33461,22
294,9,0,4.4473,-0.70703,0.33461,22
294,9,0,4.4824,-0.72266,0.33461,19
294,9,0,4.627,-0.5,0.33461,20
294,9,0,4.459,-0.2168,0.66921,23
294,9,0,4.4922,-0.29102,0.66921,42
294,9,0,4.5234,-0.39453,0.66921,35
294,9,0,4.502,0.0625,1.0038,24
294,9,0,4.5391,0.03125,1.0038,19
294,9,0.1582,4.9863,-0.65625,-0.33461,16
295,6,-0.14844,4.7051,-0.46289,0.33461,19
295,6,0,4.7363,-0.54492,0.33461,16
295,6,-0.29492,4.7051,-0.37695,0.66921,22
295,6,-0.14844,4.7578,-0.26563,0.66921,19
295,6,0.1543,4.8613,-0.72656,-0.33461,16
295,6,0.31055,4.9004,-0.66797,-0.33461,15
297,18,0,4.6172,-1.0273,0,9
297,18,0,4.6152,-1.1914,0,9
297,18,0,4.668,-0.45898,0.33461,14
297,18,0,4.6895,-0.60742,0.33461,36
297,18,0,4.7188,-0.67188,0.33461,40
297,18,0,4.7383,-0.79492,0.33461,21
297,18,-0.8457,6.7188,-0.11914,0.33461,11
297,18,0,4.6895,-0.097656,0.66921,20
297,18,-0.14844,4.7207,-0.25781,0.66921,50
297,18,-0.14844,4.752,-0.35938,0.66921,56
297,18,0,4.7656,-0.61523,0.66921,29
297,18,-0.14844,4.7207,0.25391,1.0038,22
297,18,0,4.7656,0.10742,1.0038,24
297,18,0.15234,4.8281,-0.69922,-0.33461,16
297,18,0.1543,4.8613,-0.73242,-0.33461,21
297,18,4.0215,0,5.502,-0.33461,14
297,18,4.0215,0,6.5527,0.33461,10
297,18,-0.42383,6.6348,-1.293,-0.33461,12
298,11,0,4.7188,-0.67773,0,15
298,11,0,4.752,-0.70898,0,12
298,11,0,4.75,-0.40039,0.33461,26
298,11,0,4.7949,-0.30469,0.33461,20
298,11,0,4.8281,-0.37695,0.33461,18
298,11,0,4.8535,-0.50391,0.33461,22
298,11,0,4.8262,-0.94727,0.33461,20
298,11,0,4.7656,-0.09375,0.66921,15
298,11,0,4.8711,-0.3125,0.66921,15
298,11,0.15625,4.9082,-0.91406,-0.33461,20
298,11,0,4.8555,-1.3164,-0.33461,16
299,2,-0.15039,4.7422,-0.75781,0,13
299,2,0,4.793,-0.33398,0.33461,20
300,2,0,4.8711,-0.91406,0,12
300,2,-0.31055,4.7637,-1.332,0.33461,14
338,4,0,4.4043,-0.73047,0,11
338,4,0,4.4551,-0.28125,0.33461,21
338,4,0,4.4922,-0.31055,0.33461,19
338,4,0,4.4609,-0.1875,0.66921,15
339,13,-0.29102,4.5703,-0.82617,0,11
339,13,-0.14648,4.6113,-0.84961,0,11
339,13,0,4.4707,-0.52734,0.33461,20
339,13,0,4.5078,-0.5332,0.33461,18
339,13,-0.14453,4.6094,-0.62305,0.33461,23
339,13,0,4.457,-0.26758,0.66921,21
339,13,0,4.4941,-0.27344,0.66921,39
339,13,0,4.5254,-0.37109,0.66921,33
339,13,0,4.5586,-0.42969,0.66921,16
339,13,0,4.502,0.017578,1.0038,22
339,13,0,4.5391,-0.066406,1.0038,18
339,13,0.15625,4.959,-0.56641,-0.33461,18
339,13,0.1582,4.9043,-1.1113,-0.33461,20
340,7,0,4.5371,-0.16016,0.66921,13
340,7,0,4.5664,-0.33594,0.66921,25
340,7,0,4.5938,-0.45898,0.66921,25
340,7,0,4.5762,-0.11133,1.0038,24
340,7,0,4.6113,-0.17969,1.0038,24
340,7,4.0215,0,5.7813,-0.33461,16
340,7,6.5605,1.4961,-0.76367,-0.33461,16
341,7,0,4.6445,-0.29297,0.66921,23
341,7,0,4.6621,-0.51563,0.66921,34
341,7,0,4.6973,-0.54492,0.66921,22
341,7,0,4.6543,0,1.0038,16
341,7,-0.14648,4.6875,-0.083984,1.0038,24
341,7,0,4.7207,-0.29688,1.0038,17
341,7,0,4.9082,-0.30664,-0.33461,14
342,6,0,4.666,-0.76953,0,9
342,6,0,4.6836,-0.89258,0,10
342,6,0,4.6934,-0.58398,0.33461,27
342,6,0,4.7207,-0.65625,0.33461,29
342,6,-0.14844,4.7207,-0.25781,0.66921,31
342,6,-0.14844,4.752,-0.33789,0.66921,32
343,13,0,4.6465,-0.88477,0,9
343,13,0,4.7148,-0.70313,0,24
343,13,0,4.7344,-0.82227,0,30
343,13,0,4.7754,-0.80859,0,23
343,13,-0.15234,4.832,-0.67383,0,14
343,13,0,4.7285,-0.078125,0.33461,17
343,13,0,4.752,-0.37109,0.33461,45
343,13,-0.15039,4.7754,-0.50391,0.33461,59
343,13,0,4.8066,-0.5918,0.33461,43
343,13,-0.15234,4.8516,-0.50391,0.33461,27
343,13,-0.14844,4.7637,-0.078125,0.66921,27
343,13,-0.30078,4.7871,-0.28711,0.66921,35
343,13,0,4.834,-0.29297,0.66921,26
344,8,0,4.7227,-0.88477,0,11
344,8,0,4.8555,-0.7793,0,15
344,8,0,4.8887,-0.81836,0,13
344,8,0,4.7773,-0.51367,0.33461,21
344,8,0,4.7969,-0.67188,0.33461,13
344,8,-0.30664,4.8848,-0.48047,0.33461,23
344,8,-0.31055,4.9277,-0.4375,0.33461,22
344,8,-0.46094,4.8965,-0.042969,0.66921,15
345,2,0,4.8301,-0.3457,0.33461,23
345,2,0,4.873,-0.2832,0.33461,20
346,2,0,4.8125,-0.81055,0,13
346,2,-0.30469,4.8398,-0.55469,0.33461,18
383,8,6.3398,1.4668,-0.69336,0.33461,23
383,8,0,4.4961,-0.22852,0.66921,20
383,8,0,4.5273,-0.33203,0.66921,18
383,8,6.1016,2.2617,-0.10547,0.66921,19
383,8,6.3398,1.582,-0.36328,0.66921,23
383,8,3.8867,0,5.2695,0.33461,18
383,8,-0.60938,6.4395,-0.71875,0.66921,14
383,8,3.6816,0,5.5352,0.66921,17
384,3,0,4.9414,-0.38672,0.33461,20
384,3,0.15625,4.9824,-0.30469,0.33461,23
384,3,0.15625,4.9258,-0.80469,-0.33461,19
385,2,0,4.6367,-0.40039,0.66921,16
385,2,0,4.6582,-0.55273,0.66921,19
386,13,0,4.6289,-0.96875,0,13
386,13,0,4.6777,-0.91797,0,14
386,13,0,4.6816,-1.0781,0,11
386,13,-0.14648,4.6621,-0.50977,0.33461,31
386,13,0,4.6953,-0.5625,0.33461,48
386,13,-0.14844,4.7207,-0.64844,0.33461,45
386,13,0,4.7578,-0.67383,0.33461,30
386,13,0,4.6895,-0.15039,0.66921,39
386,13,0,4.7207,-0.29688,0.66921,61
386,13,0,4.7539,-0.3457,0.66921,53
386,13,-0.15039,4.7891,-0.35352,0.66921,34
386,13,0,4.7285,-0.083984,1.0038,25
386,13,-0.14844,4.7637,-0.082031,1.0038,21
387,6,0,4.709,-0.74219,0,10
387,6,0,4.7539,-0.3457,0.33461,22
387,6,0,4.7813,-0.48438,0.33461,15
387,6,-0.30273,4.7988,-0.57227,0.33461,14
387,6,-0.30469,4.7891,-0.88867,0.33461,15
387,6,0,4.7656,-0.078125,0.66921,17
388,1,0,4.957,-0.60742,0.33461,22
389,10,0,4.7676,-0.59766,0,13
389,10,-0.15039,4.8008,-0.61328,0,28
389,10,0,4.8184,-0.77148,0,27
389,10,0,4.8242,-0.95703,0,12
389,10,0,4.8008,-0.18164,0.33461,23
389,10,-0.15039,4.834,-0.23047,0.33461,51
389,10,-0.15234,4.8613,-0.40625,0.33461,49
389,10,0,4.8535,-0.80078,0.33461,19
389,10,0,4.8418,0,0.66921,27
389,10,-0.15234,4.877,-0.14258,0.66921,27
390,5,0,4.873,-0.27734,0,10
390,5,0,4.8379,0.19922,0.33461,17
390,5,-0.15234,4.877,-0.10938,0.33461,26
390,5,0,4.918,-0.089844,0.33461,17
390,5,0,4.9824,-0.3418,0.33461,18
423,8,0,4.4082,-0.41016,0,15
423,8,0,4.4336,-0.51953,0,15
423,8,0,4.3867,0.125,0.33461,14
423,8,0,4.4238,-0.13672,0.33461,27
423,8,0,4.459,-0.20508,0.33461,27
423,8,0,4.4922,-0.3125,0.33461,15
423,8,0,4.4238,0.17578,0.66921,15
423,8,0,4.4629,0.12695,0.66921,16
424,6,0,4.5918,-0.75195,0,17
424,6,0,4.584,-1.002,0,12
424,6,-0.14453,4.6094,-0.20703,0.33461,18
424,6,0,4.6348,-0.42773,0.33461,30
424,6,0,4.6504,-0.61523,0.33461,23
424,6,0.31445,4.9277,-0.97266,-0.33461,16
425,5,-0.14258,4.5352,-0.16406,0.66921,25
425,5,0,4.5703,-0.26758,0.66921,28
425,5,0,4.5977,-0.4082,0.66921,18
425,5,0,4.5371,0.18359,1.0038,15
425,5,0,4.5781,-0.019531,1.0038,16
426,12,-0.29492,4.6602,-0.74414,0.33461,20
426,12,-0.29883,4.6914,-0.78711,0.33461,23
426,12,0,4.5723,-0.22461,0.66921,18
426,12,0,4.6035,-0.33789,0.66921,28
426,12,0,4.6309,-0.46289,0.66921,20
426,12,-0.29492,4.6953,-0.47852,0.66921,21
426,12,-0.29883,4.7207,-0.5957,0.66921,24
426,12,0,4.6152,0.029297,1.0038,19
426,12,0.1543,4.877,-0.61719,-0.33461,16
426,12,0.1543,4.8418,-1.0449,-0.33461,19
426,12,0.3125,4.9063,-0.875,-0.33461,22
426,12,0.31445,4.9531,-0.83203,-0.33461,21
428,1,0,4.8262,-0.7207,0.33461,13
429,9,-0.15039,4.7598,-0.63477,0,10
429,9,0,4.7656,-0.85742,0,12
429,9,0,4.7891,-0.94141,0,12
429,9,-0.30664,4.8008,-1.0254,0,12
429,9,0,4.7695,-0.58203,0.33461,18
429,9,0,4.8203,-0.47461,0.33461,22
429,9,-0.15234,4.8457,-0.5625,0.33461,22
429,9,-0.46094,4.8262,-0.82813,0.33461,19
429,9,-0.31055,4.9219,-0.49414,0.33461,18
430,11,0,4.7891,-0.37891,0,14
430,11,-0.15039,4.8203,-0.43164,0,23
430,11,0,4.8398,-0.62891,0,15
430,11,0,4.8906,-0.5293,0,11
430,11,-0.31055,4.8965,-0.70117,0,15
430,11,-0.15039,4.7969,-0.25195,0.33461,28
430,11,0,4.834,-0.28516,0.33461,42
430,11,-0.15234,4.8691,-0.28906,0.33461,29
430,11,-0.46094,4.8926,-0.20117,0.33461,17
430,11,-0.31055,4.918,-0.52734,0.33461,24
430,11,-0.15039,4.8398,0.10742,0.66921,21
431,3,-0.15039,4.8398,-0.048828,0.33461,18
431,3,-0.30469,4.8691,-0.15039,0.33461,17
431,3,0,4.9336,-0.4707,0.33461,13
467,5,0,4.5195,-0.42773,0.66921,24
467,5,0,4.5566,-0.44727,0.66921,26
467,5,0,4.5762,0.083984,1.0038,15
467,5,0.3125,4.9219,-0.78906,-0.33461,17
467,5,0.1582,4.8789,-1.2188,-0.33461,15
468,2,4.0215,0,5.7441,-0.33461,17
468,2,-0.42383,6.666,-1.1152,-0.33461,16
469,4,0,4.916,-0.62305,0.33461,18
469,4,-0.15039,4.7656,-0.58984,0.66921,22
469,4,4.0215,0,5.6016,-0.33461,17
469,4,-0.42383,6.6055,-1.4277,-0.33461,14
470,10,0,4.6836,-0.89258,0,9
470,10,-0.15625,4.9102,-0.89844,0,16
470,10,0,4.9043,-1.125,0,11
470,10,0,4.7188,-0.67969,0.33461,18
470,10,0,4.918,0.048828,0.33461,19
470,10,-0.15625,4.9473,-0.66211,0.33461,24
470,10,0,4.9668,-0.80469,0.33461,21
470,10,0,4.8594,-0.46484,-0.33461,21
470,10,0.1543,4.8848,-0.55664,-0.33461,29
470,10,0.1543,4.9082,-0.67383,-0.33461,19
471,2,0,4.9336,-0.47461,0.33461,17
471,2,0.15625,4.959,-0.57617,-0.33461,13
472,1,-0.1543,4.8613,-0.73438,0.33461,22
473,1,0,4.873,-0.28516,0.33461,17
508,5,0,4.4238,-0.59766,0,10
508,5,0,4.4102,-0.38867,0.33461,19
508,5,-0.13867,4.4512,-0.3125,0.33461,21
508,5,0,4.918,-0.0078125,0.33461,19
508,5,0,4.9551,-0.12109,0.33461,17
509,7,0,4.4707,-0.5293,0.33461,22
509,7,0,4.4863,-0.69727,0.33461,16
509,7,0,4.6055,-0.29492,0.33461,15
509,7,0,4.8984,-0.43164,0.33461,18
509,7,0,4.4531,-0.32227,0.66921,13
509,7,0,4.4922,-0.28906,0.66921,24
509,7,0,4.5234,-0.38477,0.66921,19
510,15,0,4.4902,-0.66992,0.33461,12
510,15,0,4.5078,-0.79688,0.33461,15
510,15,-0.29297,4.6348,-0.66406,0.33461,20
510,15,0,4.6738,-0.7168,0.33461,22
510,15,0,4.9902,-0.19727,0.33461,17
510,15,0.1582,5.0273,-0.15234,0.33461,15
510,15,0,4.5234,-0.38477,0.66921,25
510,15,-0.14258,4.5605,-0.36523,0.66921,32
510,15,0,4.5879,-0.50195,0.66921,20
510,15,-0.29297,4.6797,-0.1582,0.66921,24
510,15,0,4.7148,-0.37695,0.66921,26
510,15,0,4.5391,-0.12891,1.0038,16
510,15,-0.14258,4.5684,-0.26953,1.0038,19
510,15,4.2324,0,5.5039,-0.33461,14
510,15,6.5605,1.4668,-0.81836,-0.33461,11
511,2,-0.1543,4.9395,-0.36914,0.33461,27
511,2,-0.15625,4.9707,-0.45703,0.33461,24
513,10,0,4.6563,-0.82813,0,14
513,10,-0.14844,4.6465,-1.0547,0,13
513,10,0,4.6934,-0.58398,0.33461,25
513,10,0,4.7246,-0.63086,0.33461,23
513,10,-0.45313,4.7344,-0.9082,0.33461,17
513,10,-0.30469,4.7422,-1.1094,0.33461,22
513,10,0,4.7207,-0.2793,0.66921,18
513,10,0,4.7441,-0.47656,0.66921,16
513,10,-0.30273,4.8066,-0.51563,0.66921,18
513,10,-0.30469,4.8418,-0.52344,0.66921,22
514,5,0,4.666,-0.97656,0,9
514,5,-0.15039,4.6758,-1.0938,0,9
514,5,0,4.7539,-0.34961,0.33461,17
514,5,-0.15039,4.7754,-0.50586,0.33461,17
514,5,-0.15039,4.7734,-0.79883,0.33461,14
515,3,0,4.7695,-0.84375,0,12
515,3,0,4.7676,-1.0488,0,10
515,3,-0.15039,4.7969,-0.64453,0.33461,21
516,1,-0.30273,4.8184,-0.37891,0.33461,14
550,1,0,4.4258,-0.074219,0.33461,16
551,2,0,4.4453,-0.42188,0.33461,18
551,2,0,4.4707,-0.5293,0.33461,15
552,8,0,4.916,0.15234,0.33461,21
552,8,0,4.9551,-0.052734,0.33461,24
552,8,0,4.9902,-0.20508,0.33461,22
552,8,0,4.498,-0.21094,0.66921,14
552,8,0,4.8516,-1.0156,-0.33461,16
552,8,0.15625,4.9004,-0.94922,-0.33461,19
552,8,3.8086,0,5.6699,-0.33461,13
552,8,6.5605,1.4141,-0.90625,-0.33461,11
553,4,0,4.7813,-0.48047,0.33461,15
553,4,0,4.8242,-0.41602,0.33461,16
553,4,0,4.8574,-0.77148,-0.33461,15
553,4,0.1543,4.9063,-0.68164,-0.33461,14
554,6,0,4.9551,-0.068359,0.33461,28
554,6,0,4.9941,-0.087891,0.33461,27
554,6,0,4.8477,-0.56055,-0.33461,14
554,6,0,4.8535,-0.79688,-0.33461,20
554,6,0,4.877,-0.88672,-0.33461,24
554,6,0.15625,4.8691,-1.0957,-0.33461,24
555,1,0,4.707,-0.46289,0.66921,18
556,3,0,4.7461,-0.45508,0.33461,21
556,3,-0.29883,4.7539,-0.19141,0.66921,23
556,3,0,4.7813,-0.47461,0.66921,16
558,4,0,4.8379,-0.20898,0.33461,22
558,4,0,4.873,-0.26172,0.33461,24
558,4,0,4.9102,-0.29297,0.33461,20
558,4,-0.1543,4.9238,-0.54297,0.33461,19
584,1,-0.58789,6.1406,-1.1777,-0.33461,15
589,2,0,4.3828,-0.23438,0.33461,17
589,2,0,4.418,-0.27148,0.33461,19
590,2,0,4.418,-0.63867,0,11
590,2,0,4.4492,-0.36328,0.33461,20
591,1,0,4.4648,0.029297,0.66921,16
592,9,-0.15234,4.8691,-0.30469,0.33461,26
592,9,0,4.9121,-0.25781,0.33461,27
592,9,0,4.9277,-0.53711,0.33461,18
592,9,0,4.5059,-0.55078,0.66921,16
592,9,0,4.5273,-0.67578,0.66921,14
592,9,-0.42188,6.668,-0.8418,-0.33461,14
592,9,-0.42383,6.6348,-1.2871,-0.33461,18
592,9,3.7891,0,5.7285,-0.33461,12
592,9,4.0215,0,5.627,-0.33461,16
593,8,0,4.9004,-0.42969,0.33461,23
593,8,0,4.8574,-0.76953,-0.33461,16
593,8,0.31055,4.8906,-0.73828,-0.33461,15
593,8,0.15625,4.8887,-1.0098,-0.33461,16
593,8,3.998,0,5.7129,-0.33461,12
593,8,4.0215,0,5.502,-0.33461,14
593,8,6.5234,1.5996,-0.48438,-0.33461,10
593,8,-0.42383,6.4121,-2.1387,-0.33461,13
594,1,0.3125,4.9492,-0.5957,-0.33461,21
597,2,-0.15039,4.7969,-0.24023,0.33461,24
597,2,-0.15039,4.8203,-0.43359,0.33461,21
634,4,0,4.457,-0.63281,0.33461,17
634,4,0,4.6309,-0.45508,0.33461,18
634,4,0,4.459,-0.22266,0.66921,17
634,4,0,4.498,-0.19922,0.66921,24
635,2,-0.29297,4.6816,-0.074219,0.66921,16
635,2,0,4.8848,-0.57227,-0.33461,17
636,11,0,4.9551,-0.61523,0,14
636,11,0,4.9141,-0.22656,0.33461,24
636,11,0,4.9434,-0.34766,0.33461,32
636,11,0,4.9492,-0.66016,0.33461,21
636,11,0,4.6367,-0.40625,0.66921,17
636,11,0,4.6367,-0.7168,0.66921,14
636,11,0,4.8516,-0.8125,-0.33461,22
636,11,0,4.8594,-0.97852,-0.33461,19
636,11,0.31445,4.9863,-0.60156,-0.33461,15
636,11,4.2324,0,5.6484,-0.33461,15
636,11,6.5605,1.5254,-0.70313,-0.33461,12
637,10,0,4.6543,-0.58203,0.33461,17
637,10,0,4.6465,-0.24414,0.66921,19
637,10,0,4.6758,-0.37695,0.66921,26
637,10,0,4.6973,-0.55664,0.66921,18
637,10,0.30664,4.8066,-0.99609,-0.33461,16
637,10,0.31055,4.8613,-0.91602,-0.33461,19
637,10,0.15625,4.8711,-1.0879,-0.33461,22
637,10,0.31445,4.8691,-1.2324,-0.33461,20
637,10,4.0215,0,5.6953,-0.33461,14
637,10,-0.63477,6.6836,-0.89258,-0.33461,13
638,11,-0.14844,4.7266,-0.59766,0,11
638,11,-0.14844,4.7227,-0.21289,0.33461,19
638,11,0,4.7461,-0.43945,0.33461,21
638,11,-0.15039,4.7793,-0.46484,0.33461,18
638,11,0,4.8105,-0.55469,0.33461,16
638,11,-0.15234,4.8359,-0.63867,0.33461,18
638,11,0,4.7285,0.10156,0.66921,14
638,11,0,4.7637,-0.18359,0.66921,17
638,11,0,4.8008,-0.2168,0.66921,14
638,11,4.0215,0,5.623,-0.33461,12
638,11,6.5605,1.1289,-1.2441,-0.33461,11
639,14,0,4.7207,-0.65625,0,13
639,14,0,4.7637,-0.62695,0,17
639,14,0,4.791,-0.70117,0,16
639,14,0,4.8125,-0.81055,0,13
639,14,-0.14844,4.7363,-0.51563,0.33461,25
639,14,0,4.7871,-0.41016,0.33461,31
639,14,0,4.8027,-0.61523,0.33461,27
639,14,-0.30469,4.8203,-0.70117,0.33461,21
639,14,-0.30664,4.8496,-0.75586,0.33461,18
639,14,0,4.9863,-0.26758,0.33461,27
639,14,0,5.0234,-0.2832,0.33461,24
639,14,0,4.8008,-0.17969,0.66921,18
639,14,0,4.832,-0.91406,-0.33461,16
639,14,0.15625,4.875,-1.0684,-0.33461,17
640,6,0,4.7441,-0.75977,0,12
640,6,-0.15039,4.7656,-0.84375,0,14
640,6,-0.30078,4.791,-0.22656,0.33461,23
640,6,-0.15039,4.8223,-0.41211,0.33461,28
640,6,-0.15234,4.8633,-0.375,0.33461,22
640,6,0,4.8906,-0.51758,0.33461,15
642,2,-0.15625,4.9727,-0.43164,0.33461,20
642,2,0,5.0176,-0.39063,0.33461,18
674,6,0,4.4043,-0.43359,0,12
674,6,0,4.4336,-0.53125,0,14
674,6,0,4.4199,-0.23047,0.33461,21
674,6,0,4.4551,-0.2832,0.33461,26
674,6,0,4.4844,-0.40234,0.33461,15
674,6,0,4.4648,-0.03125,0.66921,16
675,4,0,4.5723,-0.87109,0,12
675,4,-0.14453,4.6191,-0.55078,0.33461,21
675,4,4.0215,0,5.6113,-0.33461,14
675,4,-6.7715,0,-1.3613,-0.33461,14
676,10,0,4.627,-0.77539,0,10
676,10,0,4.6738,-0.41602,0.33461,22
676,10,0,4.709,-0.43359,0.33461,21
676,10,0,4.9492,-0.25977,0.33461,25
676,10,0.15625,4.9824,-0.31641,0.33461,22
676,10,-0.14648,4.6855,-0.16211,0.66921,20
676,10,0,4.8418,-0.86328,-0.33461,16
676,10,0.1543,4.8789,-0.85352,-0.33461,25
676,10,0.15625,4.9219,-0.82813,-0.33461,29
676,10,0.1582,4.9258,-1.0195,-0.33461,19
677,11,6.207,2.2578,-0.45508,0.33461,15
677,11,3.7891,0,6.1582,0.33461,13
677,11,0,4.6113,-0.18555,0.66921,16
677,11,0,4.6387,-0.36328,0.66921,17
677,11,0.15625,4.9102,-0.90234,-0.33461,16
677,11,3.998,0,6.0273,-0.33461,17
677,11,4.0215,0,5.7051,-0.33461,19
677,11,3.7246,0,5.5723,0.33461,12
677,11,6.5234,1.582,-0.53516,0.33461,13
677,11,-0.42188,6.6465,-1.0039,-0.33461,15
677,11,-0.63477,6.5762,-1.4844,-0.33461,17
678,9,0,4.6094,-0.63281,0.33461,21
678,9,0,4.6465,-0.64844,0.33461,21
678,9,0,4.6504,-0.16797,0.66921,24
678,9,0,4.6875,-0.18359,0.66921,23
678,9,0.15234,4.8242,-0.72266,-0.33461,24
678,9,0.1543,4.8711,-0.66992,-0.33461,26
678,9,0.3125,4.9414,-0.64648,-0.33461,20
678,9,4.0215,0,5.4824,-0.33461,14
678,9,-0.63477,6.5801,-1.4746,-0.33461,13
679,6,0,4.8398,-0.18555,0.33461,15
679,6,0,4.877,-0.19336,0.33461,26
679,6,0,4.918,-0.037109,0.33461,27
679,6,0,4.877,-0.18359,-0.33461,15
679,6,0.1543,4.8926,-0.48047,-0.33461,21
679,6,0.1543,4.9238,-0.54297,-0.33461,18
680,11,0,4.7188,-0.67383,0,13
680,11,0,4.6953,-1.0176,0,13
680,11,0,4.748,-0.43555,0.33461,24
680,11,0,4.7656,-0.61328,0.33461,24
680,11,0,4.8047,-0.60352,0.33461,17
680,11,-0.15234,4.8711,-0.25977,0.33461,25
680,11,0,4.916,-0.17578,0.33461,26
680,11,0,4.9863,-0.26172,0.33461,23
680,11,-0.1582,5.0137,-0.41016,0.33461,25
680,11,0.15234,4.834,-0.6543,-0.33461,17
680,11,0.1543,4.8711,-0.66406,-0.33461,18
681,7,0,4.8027,-0.625,0,12
681,7,0,4.834,-0.67773,0,12
681,7,0,4.8535,-0.79688,0,10
681,7,0,4.8008,-0.18359,0.33461,18
681,7,0,4.8418,-0.10352,0.33461,24
681,7,-0.15234,4.875,-0.19336,0.33461,28
681,7,0,4.9023,-0.4043,0.33461,22
715,9,0,4.4512,-0.34766,0,11
715,9,0,4.4238,-0.16016,0.33461,17
715,9,0,4.4551,-0.28125,0.33461,20
715,9,0,4.8887,-0.54492,0.33461,20
715,9,0,4.7891,-0.93555,-0.33461,16
715,9,0,4.7773,-1.1719,-0.33461,16
715,9,0.1543,4.7832,-1.291,-0.33461,16
715,9,0.3125,4.8691,-1.0684,-0.33461,19
715,9,0.1582,4.8906,-1.1699,-0.33461,15
716,16,0,4.4082,-0.91211,0,10
716,16,-0.13867,4.4453,-0.39453,0.33461,21
716,16,0,4.4746,-0.50391,0.33461,29
716,16,0,4.5234,-0.38086,0.33461,22
716,16,0.15625,4.9746,-0.41602,0.33461,24
716,16,0,4.4629,-0.14063,0.66921,23
716,16,0,4.498,-0.17383,0.66921,32
716,16,-0.14258,4.5293,-0.26758,0.66921,23
716,16,0,4.8828,-0.5918,-0.33461,16
716,16,0.1543,4.8906,-0.7832,-0.33461,25
716,16,0.3125,4.9316,-0.72266,-0.33461,32
716,16,0.31445,4.9648,-0.75195,-0.33461,22
716,16,4.0215,0,5.8555,-0.33461,17
716,16,4.043,0.67578,5.4375,-0.33461,12
716,16,-0.63477,6.6367,-1.1855,-0.33461,15
716,16,-0.42578,6.6602,-1.3555,-0.33461,11
717,15,0.1543,4.9531,-0.11328,0.33461,27
717,15,0.15625,4.9902,-0.11523,0.33461,26
717,15,0,4.5723,-0.21094,0.66921,21
717,15,-0.14453,4.5977,-0.36914,0.66921,16
717,15,6.377,1.5488,-0.51953,0.66921,18
717,15,0.1543,4.8223,-0.95313,-0.33461,22
717,15,0.31055,4.8867,-0.76953,-0.33461,31
717,15,0.3125,4.9297,-0.73047,-0.33461,38
717,15,0.1582,4.957,-0.8457,-0.33461,26
717,15,3.998,0,5.8516,-0.33461,19
717,15,4.0215,0,5.627,-0.33461,24
717,15,-0.82227,6.5313,-0.11719,0.66921,12
717,15,0.47266,4.9355,-0.85742,-0.33461,26
717,15,6.5234,1.3105,-1.0352,-0.33461,16
717,15,-0.42383,6.6074,-1.4277,-0.33461,21
718,7,0,4.5918,-0.47656,0.66921,16
718,7,0,4.6172,-0.57227,0.66921,18
718,7,0.31055,4.7773,-1.2852,-0.33461,16
718,7,3.998,0,5.7734,-0.33461,17
718,7,4.0215,0,5.6523,-0.33461,19
718,7,-0.42188,6.6719,-0.81641,-0.33461,17
718,7,-0.42383,6.6836,-1.0059,-0.33461,19
719,3,0.1543,4.7637,-1.2129,-0.33461,22
719,3,0.1543,4.8613,-0.95703,-0.33461,24
719,3,0.15625,4.9453,-0.67383,-0.33461,19
720,1,0.1543,4.9102,-0.6582,-0.33461,15
721,8,0,4.7129,-0.71289,0,12
721,8,0,4.748,-0.73438,0,14
721,8,0,4.748,-0.42969,0.33461,23
721,8,-0.15039,4.7676,-0.58398,0.33461,27
721,8,0,4.7754,-0.80078,0.33461,15
721,8,0,4.8203,-0.76172,-0.33461,19
721,8,0,4.8633,-0.73828,-0.33461,21
721,8,0,4.8164,-1.168,-0.33461,14
722,3,0,4.791,-0.375,0.33461,17
722,3,0,4.8145,-0.51953,0.33461,21
722,3,0,4.8594,-0.45313,0.33461,18
723,5,-0.15039,4.8047,-0.58594,0,12
723,5,0,4.8164,-0.78711,0,10
723,5,-0.15039,4.832,-0.29883,0.33461,25
723,5,0,4.8711,-0.31445,0.33461,25
723,5,0,4.8086,-0.83398,-0.33461,13
724,6,0,4.8281,-0.36523,0,10
724,6,0,4.8477,-0.57031,0,14
724,6,0,4.8828,-0.5957,0,9
724,6,-0.30273,4.8262,-0.25977,0.33461,26
724,6,-0.15234,4.873,-0.21094,0.33461,37
724,6,-0.1543,4.9043,-0.33594,0.33461,24
757,1,0,4.4531,-0.31055,0.33461,17
758,9,0,4.4434,-0.72656,0,11
758,9,0,4.4473,-0.38477,0.33461,20
758,9,0,4.4785,-0.46094,0.33461,22
758,9,0,4.8594,-0.46289,0.33461,24
758,9,0,4.8965,-0.45898,0.33461,30
758,9,0,4.9297,-0.50977,0.33461,21
758,9,0,4.4629,-0.10547,0.66921,17
758,9,0,4.4961,-0.22461,0.66921,19
758,9,0,4.8223,-0.9707,-0.33461,18
759,3,0,4.8965,-0.45703,0.33461,24
759,3,4.0215,0,5.7227,-0.33461,14
759,3,6.5605,1.3262,-1.0313,-0.33461,13
760,5,6.207,2.252,-0.48828,0.66921,20
760,5,0,4.8711,-0.68359,-0.33461,17
760,5,4.0215,0,6.0156,-0.33461,12
760,5,3.7246,0,6.0273,0.66921,13
760,5,6.5605,1.4102,-0.91406,-0.33461,11
761,6,0,4.6289,-0.4707,0.33461,19
761,6,0,4.6602,-0.54102,0.33461,27
761,6,0,4.7051,-0.47852,0.33461,23
761,6,0,4.6484,-0.19922,0.66921,24
761,6,-0.14648,4.6816,-0.26953,0.66921,33
761,6,-0.14844,4.7188,-0.26172,0.66921,28
762,2,0.1543,4.8828,-0.83789,-0.33461,22
762,2,0.15625,4.9141,-0.87695,-0.33461,25
763,18,-0.15039,4.7891,-0.70508,0,12
763,18,0,4.8262,-0.7207,0,12
763,18,-0.15625,4.8809,-1.0488,0,14
763,18,-0.14844,4.7129,-0.70117,0.33461,16
763,18,0,4.7656,-0.61719,0.33461,19
763,18,-0.15039,4.8125,-0.51172,0.33461,23
763,18,0,4.8535,-0.50781,0.33461,29
763,18,0,4.8906,-0.51367,0.33461,32
763,18,0,4.9395,-0.40625,0.33461,35
763,18,0,4.9668,-0.51367,0.33461,39
763,18,0,5.0039,-0.53906,0.33461,33
763,18,-0.15039,4.793,-0.31055,0.66921,16
763,18,0,4.8359,-0.25977,0.66921,17
763,18,-0.15234,4.8672,-0.33594,0.66921,20
763,18,-0.1543,4.9043,-0.34766,0.66921,17
763,18,0,4.8438,-0.85156,-0.33461,18
763,18,0.1543,4.8613,-0.95703,-0.33461,26
763,18,0,4.9199,-0.85938,-0.33461,24
764,9,-0.30078,4.7148,-0.88086,0,11
764,9,-0.29883,4.7559,0.10742,0.33461,14
764,9,0,4.7891,-0.38672,0.33461,20
764,9,-0.30273,4.8105,-0.46875,0.33461,13
764,9,0,4.877,-0.20117,0.33461,17
764,9,0,4.8887,-0.54688,0.33461,29
764,9,0,4.918,-0.60938,0.33461,28
764,9,0.1543,4.8223,-0.95508,-0.33461,16
764,9,0.31055,4.8574,-0.93164,-0.33461,15
765,2,0,4.8379,-0.22852,0.33461,15
765,2,-0.30469,4.8613,-0.29297,0.33461,17
766,4,0,4.875,-0.21094,0.33461,20
766,4,0,4.9043,-0.36719,0.33461,23
766,4,-0.1543,4.9316,-0.46289,0.33461,22
766,4,0,4.9746,-0.42969,0.33461,18
770,1,0,4.8613,-0.43555,-0.33461,12
799,1,0,4.4063,-0.41406,0.33461,20
800,5,0,4.4395,-0.4668,0,9
800,5,0,4.5371,-0.84766,0,13
800,5,0,4.459,-0.22266,0.33461,17
800,5,0.15625,4.9492,-0.65039,-0.33461,16
800,5,0.1582,4.9258,-1.0195,-0.33461,15
801,8,0,4.5918,-0.47266,0,8
801,8,0,4.6035,-0.6875,0,13
801,8,0,4.5957,-0.94336,0,11
801,8,0,4.6309,-0.45703,0.33461,25
801,8,0,4.6289,-0.75781,0.33461,21
801,8,0.1543,4.8613,-0.72461,-0.33461,14
801,8,0.3125,4.9473,-0.61133,-0.33461,17
801,8,0.31445,4.9551,-0.82031,-0.33461,14
802,6,0,4.957,0,0.33461,36
802,6,0,4.9922,-0.14453,0.33461,41
802,6,0.1543,4.875,-0.63086,-0.33461,24
802,6,0.1543,4.9004,-0.73047,-0.33461,34
802,6,0.15625,4.9375,-0.72852,-0.33461,38
802,6,0.1582,4.9492,-0.89258,-0.33461,23
803,6,0,4.8555,-0.99609,0,11
803,6,-0.1543,4.918,-0.59961,0.33461,24
803,6,0,4.9746,-0.44141,0.33461,23
803,6,-0.14844,4.7246,-0.1582,0.66921,17
803,6,0.1543,4.8652,-0.92969,-0.33461,16
803,6,0.15625,4.8984,-0.96484,-0.33461,18
804,2,0,4.6094,-0.87891,0.33461,16
804,2,0,4.6445,-0.89258,0.33461,16
806,2,0,4.7285,-0.60547,0.33461,12
806,2,0,4.7832,-0.45703,0.33461,12
840,1,0,4.4043,-0.43359,0.33461,13
841,7,0,4.4316,-0.5332,0,11
841,7,0,4.4453,-0.71484,0,12
841,7,0,4.4531,-0.32031,0.33461,23
841,7,0,4.4844,-0.4043,0.33461,25
841,7,0,4.5254,-0.35352,0.33461,13
841,7,0,4.4629,-0.10547,0.66921,17
841,7,-0.14063,4.4922,-0.26563,0.66921,19
842,7,0,4.5039,-0.57031,0.33461,18
842,7,0,4.5566,-0.44336,0.33461,17
842,7,0,4.5391,-0.12109,0.66921,24
842,7,0,4.5742,-0.19531,0.66921,23
842,7,0.3125,4.9219,-0.78711,-0.33461,15
842,7,4.0215,0,5.6855,-0.33461,14
842,7,-0.42383,6.7031,-0.86523,-0.33461,14
843,5,0,4.9512,-0.20313,0.33461,33
843,5,0.15625,4.9805,-0.32227,0.33461,29
843,5,0.1543,4.8867,-0.80664,-0.33461,27
843,5,0.15625,4.9238,-0.82227,-0.33461,31
843,5,0.47266,4.9414,-0.83008,-0.33461,18
844,4,0,4.6211,-0.54102,0.33461,17
844,4,0,4.6504,-0.61523,0.33461,18
844,4,-0.14453,4.6484,-0.14258,0.66921,20
844,4,0,4.6699,-0.45703,0.66921,20
846,12,0,4.6797,-0.6875,0,12
846,12,0,4.7227,-0.64453,0,9
846,12,-0.15234,4.8477,-0.54297,0,13
846,12,-0.14648,4.6426,-0.66406,0.33461,12
846,12,-0.14844,4.6953,-0.54102,0.33461,23
846,12,0,4.7441,-0.46094,0.33461,18
846,12,-0.30273,4.8242,-0.2832,0.33461,15
846,12,-0.15234,4.8535,-0.48242,0.33461,27
846,12,-0.1543,4.8848,-0.54492,0.33461,28
846,12,-0.29492,4.7188,-0.060547,0.66921,15
846,12,-0.30469,4.8711,-0.089844,0.66921,20
846,12,0,4.9141,-0.18555,0.66921,20
847,11,0,4.75,-0.4043,0,10
847,11,0,4.7285,-0.85352,0,14
847,11,0,4.7832,-0.75586,0,12
847,11,0,4.7891,-0.93555,0,11
847,11,0,4.8379,-0.88672,0,12
847,11,-0.14844,4.748,-0.39258,0.33461,17
847,11,-0.30078,4.7813,-0.37109,0.33461,24
847,11,-0.30273,4.8066,-0.49805,0.33461,22
847,11,-0.15234,4.8574,-0.45313,0.33461,22
847,11,0,4.8828,-0.58984,0.33461,18
847,11,-0.3125,4.9824,-0.15625,0.33461,19
848,7,0,4.7617,-0.64258,0,17
848,7,0,4.7871,-0.73438,0,17
848,7,-0.30078,4.7813,-0.37109,0.33461,31
848,7,-0.15039,4.8223,-0.42188,0.33461,35
848,7,0,4.873,-0.25586,0.33461,22
848,7,-0.30078,4.7949,0.0097656,0.66921,18
848,7,-0.30273,4.834,-0.0019531,0.66921,18
850,7,-0.15039,4.8242,-0.38867,0,17
850,7,0,4.8281,-0.70898,0,19
850,7,0,4.875,-0.6543,0,10
850,7,-0.15039,4.834,-0.24219,0.33461,34
850,7,-0.15234,4.8652,-0.34766,0.33461,42
850,7,-0.30664,4.8984,-0.32813,0.33461,26
850,7,-0.30469,4.8711,-0.011719,0.66921,16
883,3,0,4.4473,-0.70508,0.33461,14
883,3,-0.14453,4.5918,-0.45117,0.33461,16
883,3,0,4.627,-0.49609,0.33461,14
884,12,0,4.4961,-0.62891,0.33461,16
884,12,0,4.5117,-0.77539,0.33461,16
884,12,-0.14063,4.4922,-0.25,0.66921,18
884,12,0,4.5293,-0.32617,0.66921,33
884,12,0,4.5664,-0.32227,0.66921,30
884,12,6.1367,2.2246,-0.48438,0.66921,22
884,12,0,4.5391,-0.0097656,1.0038,19
884,12,0,4.5781,0.029297,1.0038,16
884,12,0.1543,4.9414,-0.3418,-0.33461,16
884,12,0.15625,4.9531,-0.62695,-0.33461,21
884,12,0.1582,4.9629,-0.81055,-0.33461,17
884,12,3.6816,0,5.8672,0.66921,16
885,2,0.1543,4.9023,-0.71094,-0.33461,17
885,2,0.3125,4.8867,-0.98438,-0.33461,19
886,13,0,4.9863,-0.26172,0,13
886,13,0,4.9434,-0.35938,0.33461,26
886,13,0,4.9746,-0.4375,0.33461,20
886,13,-0.14453,4.6328,-0.4043,0.66921,24
886,13,0,4.668,-0.4707,0.66921,39
886,13,0,4.6992,-0.5332,0.66921,36
886,13,0,4.7383,-0.52734,0.66921,20
886,13,-0.29102,4.6406,-0.1875,1.0038,18
886,13,0,4.6875,-0.16992,1.0038,30
886,13,0,4.7246,-0.21094,1.0038,27
886,13,0,4.9277,-0.52539,-0.33461,26
886,13,0.15625,4.9473,-0.66016,-0.33461,33
886,13,0.1582,4.9668,-0.79297,-0.33461,20
887,7,0,4.7129,-0.38477,0.33461,20
887,7,0,4.7441,-0.45898,0.33461,26
887,7,0,4.7754,-0.53711,0.33461,20
887,7,0,4.7266,-0.1543,0.66921,23
887,7,0,4.7637,-0.1543,0.66921,31
887,7,0,4.8008,-0.21484,0.66921,25
887,7,0,4.8359,-0.25391,0.66921,18
888,10,0,4.7402,-0.7832,0,18
888,10,0,4.748,-0.94922,0,20
888,10,0,4.7305,-1.1992,0,13
888,10,0,4.7715,-0.56445,0.33461,33
888,10,0,4.7891,-0.71289,0.33461,37
888,10,0,4.8066,-0.84766,0.33461,26
888,10,-0.1543,4.8066,-1.0332,0.33461,21
888,10,0,4.791,-0.35742,0.66921,22
888,10,-0.15039,4.8164,-0.47656,0.66921,26
888,10,-0.30469,4.8379,-0.56445,0.66921,21
889,6,0,4.9141,-0.89453,0,14
889,6,0,4.9492,-0.91016,0,14
889,6,-0.1582,4.9844,-0.91016,0,14
889,6,0,4.9063,-0.33789,0.33461,19
889,6,0,4.9277,-0.53711,0.33461,23
889,6,-0.15625,4.9551,-0.5957,0.33461,24
921,4,0,4.4199,-0.63477,0,14
921,4,0,4.416,-0.30469,0.33461,16
921,4,0,4.4531,-0.31445,0.33461,25
921,4,0,4.4863,-0.38086,0.33461,15
922,7,0,4.4531,-0.66406,0,14
922,7,0,4.4629,-0.83008,0,15
922,7,0,4.4863,-0.37305,0.33461,30
922,7,0,4.5117,-0.51172,0.33461,32
922,7,0,4.625,-0.51172,0.33461,19
922,7,0,4.502,-0.10547,0.66921,26
922,7,0,4.5352,-0.20313,0.66921,28
923,7,0,4.5898,-0.97461,0,15
923,7,0,4.5234,-0.38672,0.33461,19
923,7,-0.14453,4.6113,-0.60742,0.33461,17
923,7,-0.14648,4.6426,-0.6582,0.33461,31
923,7,-0.14258,4.5371,-0.097656,0.66921,23
923,7,0,4.6816,-0.31445,0.66921,22
923,7,0.15625,4.9297,-0.78711,-0.33461,16
924,4,0,4.5938,-0.44922,0.33461,20
924,4,0,4.623,-0.53906,0.33461,20
924,4,0,4.6094,-0.24219,0.66921,25
924,4,0,4.6465,-0.26953,0.66921,24
927,4,0,4.8574,-0.48047,0.33461,29
927,4,0,4.8867,-0.55469,0.33461,28
927,4,-0.15625,4.9824,-0.3125,0.33461,23
927,4,0.1543,4.877,-0.61328,-0.33461,16
928,6,0,4.7051,-0.97852,0,13
928,6,0,4.6836,-1.2285,0,14
928,6,-0.29883,4.7324,-0.48828,0.33461,12
928,6,0,4.7754,-0.53125,0.33461,25
928,6,0,4.7773,-0.79297,0.33461,25
928,6,0,4.7441,-1.1445,0.33461,16
929,10,0,4.8242,-0.42969,0,10
929,10,0,4.8438,-0.5957,0,10
929,10,0,4.8789,-0.62109,0,12
929,10,-0.1543,4.877,-0.86523,0,15
929,10,0,4.8047,-0.046875,0.33461,15
929,10,0,4.8418,-0.13281,0.33461,20
929,10,0,4.8691,-0.32422,0.33461,20
929,10,0,4.8945,-0.48242,0.33461,23
929,10,-0.1543,4.916,-0.60938,0.33461,27
929,10,0,4.9473,-0.68164,0.33461,18
970,64,0,3.2695,0.80273,0,13
970,64,0,3.3359,0.68164,0,30
970,64,0,3.3926,0.58789,0,36
970,64,0,3.4492,0.4707,0,23
970,64,0,3.3086,0.80273,0.33461,14
970,64,0,3.3633,0.74023,0.33461,18
970,64,7.293,1.4473,-1.1816,0.33461,21
970,64,7.3301,1.5645,-1.0371,0.33461,19
970,64,0,3.4219,0.375,-2.0076,15
970,64,0,3.4785,-0.10156,-2.0076,25
970,64,0,3.4277,-0.79688,-2.0076,24
970,64,0.33984,3.4941,-0.92969,-2.0076,18
970,64,0.22852,3.5391,-0.94336,-2.0076,16
970,64,-0.19336,3.084,-0.27539,-1.673,19
970,64,-0.19531,3.1094,-0.39258,-1.673,33
970,64,-0.19922,3.1328,-0.49023,-1.673,27
970,64,0,3.4043,0.089844,-1.673,67
970,64,0.10742,3.4336,-0.23047,-1.673,128
970,64,0.10938,3.4551,-0.4082,-1.673,125
970,64,0,3.4727,-0.56641,-1.673,71
970,64,-0.19336,3.0918,-0.1582,-1.3384,30
970,64,-0.19531,3.123,-0.25,-1.3384,52
970,64,-0.19922,3.1543,-0.33203,-1.3384,42
970,64,0,3.3652,-0.09375,-1.3384,86
970,64,0,3.4043,-0.052734,-1.3384,117
970,64,0.10742,3.4297,-0.2793,-1.3384,146
970,64,0.10938,3.4531,-0.42383,-1.3384,125
970,64,-4.2852,1.6719,-1.0957,-1.3384,69
970,64,-4.4688,1.0781,-1.2598,-1.3384,119
970,64,-4.3535,1.3516,-1.5156,-1.3384,99
970,64,-4.3887,1.2285,-1.6367,-1.3384,55
970,64,-5.5996,0,-0.96484,-1.3384,44
970,64,-5.4609,1.0449,-0.92969,-1.3384,45
970,64,-0.19336,3.0938,-0.10742,-1.0038,20
970,64,-0.19531,3.1309,-0.1582,-1.0038,31
970,64,-0.29883,3.1484,-0.31641,-1.0038,22
970,64,0,3.3652,0.099609,-1.0038,70
970,64,0,3.4023,0.12891,-1.0038,101
970,64,0,3.4414,0.074219,-1.0038,77
970,64,-4.4336,1.4922,-0.69336,-1.0038,109
970,64,-4.4688,1.3945,-0.89844,-1.0038,171
970,64,-4.5039,1.1797,-1.1855,-1.0038,134
970,64,-4.3887,1.6152,-1.2578,-1.0038,85
970,64,-4.4238,1.8184,-0.97461,-1.0038,55
970,64,-5.5996,0,-0.41016,-1.0038,58
970,64,-5.6367,0,-0.40234,-1.0038,66
970,64,0,3.3926,0.28906,-0.66921,25
970,64,0,3.4375,0.17383,-0.66921,26
970,64,-4.4336,1.6172,-0.30469,-0.66921,57
970,64,-4.4688,1.5742,-0.52148,-0.66921,78
970,64,-4.5039,1.4746,-0.78906,-0.66921,54
970,64,0,3.4219,0.37109,-0.33461,15
970,64,-4.7051,0,6.6582,0.33461,20
970,64,-4.7285,0,6.7422,0.33461,17
970,64,-3.1191,1.4395,-0.21484,-2.0076,9
970,64,-2.6816,1.8848,3.4609,-1.3384,60
970,64,3.5,0,4.541,-1.3384,37
970,64,3.5234,0,4.4434,-1.3384,38
970,64,-2.6602,0,4.0234,-1.0038,55
970,64,-2.6816,0.79297,3.8613,-1.0038,91
970,64,3.5,0,5.1406,-1.0038,46
970,64,3.5234,0,5.0352,-1.0038,50
970,64,-2.6602,0,4.498,-0.66921,31
970,64,-2.8301,0,4.2383,-0.66921,42
971,64,0,3.0625,-0.11719,0,18
971,64,0,3.0996,-0.11719,0,23
971,64,0,3.1387,-0.085938,0,14
971,64,0,3.3672,0.056641,0,17
971,64,0,3.4043,0,0,14
971,64,-4.3633,1.6191,-0.029297,0,16
971,64,0.10547,3.1309,-1.3359,-2.6769,13
971,64,0,3.1738,-1.127,-2.3422,13
971,64,0.21289,3.2109,-1.1152,-2.3422,34
971,64,0.32227,3.2285,-1.1504,-2.3422,38
971,64,0.32617,3.25,-1.2012,-2.3422,17
971,64,0.10352,3.1211,-1.041,-2.0076,40
971,64,0,3.127,-1.1445,-2.0076,62
971,64,0.21094,3.1426,-1.1914,-2.0076,68
971,64,0.31836,3.2324,-1.0215,-2.0076,111
971,64,0.32227,3.3008,-0.92773,-2.0076,112
971,64,0.32617,3.3242,-0.98047,-2.0076,47
971,64,0,3.2012,-0.30273,-1.673,18
971,64,0.10156,3.1855,-0.6582,-1.673,71
971,64,0.10352,3.1621,-0.91016,-1.673,179
971,64,0.10352,3.1758,-0.99609,-1.673,214
971,64,0.10547,3.2051,-1.0254,-1.673,149
971,64,0.21289,3.2891,-0.85547,-1.673,168
971,64,0.21484,3.3418,-0.79688,-1.673,140
971,64,0.32617,3.3613,-0.83984,-1.673,51
971,64,0,3.2031,0.29102,-1.3384,21
971,64,0,3.2051,-0.55664,-1.3384,90
971,64,0.10352,3.1797,-0.8457,-1.3384,263
971,64,0.20898,3.1855,-0.94531,-1.3384,293
971,64,0.31641,3.2266,-0.91211,-1.3384,189
971,64,0.21289,3.3203,-0.72266,-1.3384,144
971,64,0.21484,3.3594,-0.7207,-1.3384,85
971,64,3.4277,0,4.459,-1.3384,30
971,64,3.625,0,4.1875,-1.3384,50
971,64,3.4766,1.3848,4.1152,-1.3384,34
971,64,0,3.1543,-0.39453,-1.0038,18
971,64,0.20313,3.1211,-0.89648,-1.0038,103
971,64,0.20508,3.1445,-0.95117,-1.0038,260
971,64,0.20898,3.166,-1.0117,-1.0038,267
971,64,0.21094,3.2227,-0.95508,-1.0038,157
971,64,0.10547,3.3379,-0.66602,-1.0038,79
971,64,-4.3633,1.2109,-1.0742,-1.0038,86
971,64,-4.252,1.5898,-1.1855,-1.0038,106
971,64,-4.2852,1.3906,-1.4375,-1.0038,77
971,64,3.4277,0,4.6699,-1.0038,53
971,64,3.4531,0,4.4824,-1.0038,87
971,64,3.6504,0,4.2617,-1.0038,66
971,64,0,3.0449,-0.33789,-0.66921,24
971,64,0,3.0703,-0.44336,-0.66921,29
971,64,0,3.1016,-0.49023,-0.66921,18
971,64,0.20313,3.1602,-0.74414,-0.66921,67
971,64,0.20508,3.168,-0.86719,-0.66921,140
971,64,0.20898,3.1816,-0.95703,-0.66921,127
971,64,0.21094,3.2227,-0.95313,-0.66921,57
971,64,-4.3633,1.4258,-0.76953,-0.66921,88
971,64,-4.3984,1.3457,-0.92383,-0.66921,118
971,64,-4.4336,1.084,-1.2383,-0.66921,94
971,64,-4.3203,1.3223,-1.5215,-0.66921,49
971,64,-5.5234,0,-0.78906,-0.66921,63
971,64,-5.5625,0,-0.89844,-0.66921,52
971,64,0,3.0586,-0.19727,-0.33461,30
971,64,0,3.0879,-0.29102,-0.33461,40
971,64,0,3.1152,-0.38867,-0.33461,24
971,64,-4.3984,1.3379,-0.93555,-0.33461,31
972,64,0,3.1191,0.36133,0,31
972,64,0,3.1699,0.22656,0,49
972,64,0.099609,3.2148,-0.035156,0,45
972,64,0.10156,3.2363,-0.31641,0,39
972,64,0.10352,3.2559,-0.47266,0,28
972,64,0,3.2617,-0.66602,0,14
972,64,0.097656,3.1113,0.4082,0.33461,16
972,64,0,3.1602,0.3418,0.33461,23
972,64,0,3.2129,0.15625,0.33461,20
972,64,0,3.25,-0.14063,0.33461,15
972,64,0,2.3047,2.1895,2.0076,26
972,64,0,2.4531,2.0781,2.0076,37
972,64,-0.10156,2.668,1.8594,2.0076,21
972,64,-0.44531,2.9531,1.9316,2.0076,16
972,64,-0.33789,3.0742,1.832,2.0076,18
972,64,-0.099609,2.1758,2.3145,2.3422,33
972,64,-0.099609,2.2598,2.2852,2.3422,48
972,64,-0.10156,2.4492,2.1406,2.3422,30
972,64,0,2.9004,-0.27734,-2.6769,13
972,64,0.091797,2.9355,-0.29492,-2.6769,18
972,64,0.30078,3.0703,-0.90625,-2.6769,35
972,64,0.30469,3.0977,-0.95117,-2.6769,28
972,64,0,2.8965,-0.31836,-2.3422,30
972,64,0,2.9297,-0.35156,-2.3422,41
972,64,0.09375,2.9648,-0.36719,-2.3422,30
972,64,0,2.8809,-1.1504,-2.3422,31
972,64,-0.097656,2.8418,-1.3301,-2.3422,59
972,64,-0.29883,2.502,-1.9355,-2.3422,38
972,64,0.40234,3.0938,-0.78125,-2.3422,66
972,64,0.30469,3.0801,-1.0039,-2.3422,76
972,64,0.30859,3.0664,-1.1563,-2.3422,44
972,64,-4.2852,1.1895,-1.6074,-2.3422,19
972,64,0,2.9082,-0.18555,-2.0076,37
972,64,0,2.9414,-0.24609,-2.0076,50
972,64,0,2.9785,-0.25391,-2.0076,40
972,64,0,3.002,-0.39258,-2.0076,20
972,64,0,2.9316,-1.0156,-2.0076,63
972,64,-0.097656,2.9277,-1.1328,-2.0076,127
972,64,-0.19922,2.7715,-1.541,-2.0076,88
972,64,0.40234,3.1465,-0.5293,-2.0076,143
972,64,0.40625,3.1309,-0.78516,-2.0076,200
972,64,0.30859,3.1465,-0.91211,-2.0076,124
972,64,0.3125,3.1172,-1.125,-2.0076,39
972,64,-4.252,1.4258,-1.3789,-2.0076,27
972,64,-4.2852,1.3984,-1.4297,-2.0076,34
972,64,0,2.9121,-0.064453,-1.673,21
972,64,0,2.9492,-0.078125,-1.673,24
972,64,0,2.9863,-0.14258,-1.673,22
972,64,0.09375,3.0137,-0.26953,-1.673,16
972,64,-0.097656,2.8711,-1.1738,-1.673,26
972,64,0.39648,3.1484,-0.17773,-1.673,152
972,64,0.30078,3.1719,-0.42969,-1.673,362
972,64,0.30469,3.1934,-0.54297,-1.673,428
972,64,0.30859,3.2148,-0.63477,-1.673,252
972,64,0.3125,3.2227,-0.77344,-1.673,64
972,64,-4.2559,0,-1.7344,-1.673,29
972,64,-4.291,0,-1.6465,-1.673,21
972,64,-4.252,1.5625,-1.2207,-1.673,34
972,64,-4.2852,1.5566,-1.2539,-1.673,44
972,64,-4.1719,1.8457,-1.3867,-1.673,24
972,64,3.7188,0.83203,3.8398,-1.673,18
972,64,0.097656,3.0918,-0.24805,-1.3384,63
972,64,0.097656,3.123,-0.32227,-1.3384,250
972,64,0.19922,3.1523,-0.35547,-1.3384,473
973,64,0,3.0625,0.12695,0,25
973,64,0,3.0977,-0.18164,0,19
973,64,-4.3613,1.1055,0.15234,0,11
973,64,-0.58789,6.25,-0.17188,0.33461,32
973,64,0.36328,2.7734,-0.81445,-2.3422,14
973,64,0.27734,2.8086,-0.86523,-2.3422,26
973,64,0.2793,2.834,-0.9043,-2.3422,23
973,64,0.27734,2.8477,-0.72266,-2.0076,15
973,64,0.1875,2.8633,-0.83789,-2.0076,10
973,64,0,2.9277,-0.9043,-2.0076,15
973,64,0.29883,2.9688,-1.0938,-2.0076,18
973,64,0.18945,3.0195,-0.085938,-1.673,83
973,64,0.19141,3.0508,-0.20508,-1.673,120
973,64,0.097656,3.082,-0.3418,-1.673,96
973,64,0,3.082,-0.59961,-1.673,101
973,64,0.099609,3.0938,-0.7207,-1.673,60
973,64,-0.17578,2.7852,-0.23242,-1.3384,21
973,64,-0.087891,2.8203,-0.29492,-1.3384,23
973,64,-0.18164,2.8926,-0.30078,-1.3384,13
973,64,-0.18359,2.8438,-0.76367,-1.3384,25
973,64,0.1875,2.7188,1.2285,-1.3384,36
973,64,0.09375,3.0195,0.19336,-1.3384,203
973,64,0.095703,3.0625,0.082031,-1.3384,267
973,64,0.097656,3.0996,-0.076172,-1.3384,153
973,64,0.097656,3.0898,-0.55078,-1.3384,278
973,64,0.19922,3.0996,-0.67188,-1.3384,190
973,64,-4.2559,1.4258,-0.67969,-1.3384,32
973,64,-4.2168,1.7148,-0.96484,-1.3384,31
973,64,-4.252,1.5801,-1.1973,-1.3384,22
973,64,-0.087891,2.791,-0.19336,-1.0038,24
973,64,-0.17773,2.8242,-0.22266,-1.0038,28
973,64,-0.18359,2.8828,-0.59961,-1.0038,19
973,64,0.09375,2.9375,0.72266,-1.0038,124
973,64,0.095703,2.9512,0.82227,-1.0038,145
973,64,0.19336,3.0098,-0.72852,-1.0038,102
973,64,0.097656,3.0898,-0.55273,-1.0038,284
973,64,0.19922,3.1152,-0.59375,-1.0038,199
973,64,-4.0449,1.8223,-0.48828,-1.0038,71
973,64,-4.0801,1.8457,-0.4668,-1.0038,101
973,64,-4.1152,1.8516,-0.50586,-1.0038,92
973,64,-4.291,1.5039,-0.52734,-1.0038,66
973,64,-5.0371,1.6113,-0.94727,-1.0038,62
973,64,-5.2402,0.60352,-1.1973,-1.0038,44
973,64,-0.17773,2.8281,-0.15234,-0.66921,12
973,64,0.19141,2.6699,-1.4902,-0.66921,32
973,64,0.19336,2.9961,-0.7832,-0.66921,98
973,64,0.19531,3.0742,-0.60547,-0.66921,125
973,64,0.29883,3.1055,-0.60547,-0.66921,73
973,64,-4.1855,1.5391,-0.21094,-0.66921,55
973,64,-4.2207,1.5527,-0.21289,-0.66921,77
973,64,-4.2559,1.5508,-0.30078,-0.66921,72
973,64,-4.291,1.5547,-0.35156,-0.66921,50
973,64,-5.168,1.0801,-0.76367,-0.66921,62
973,64,-5.2051,0.88867,-0.99414,-0.66921,78
973,64,0.28125,4.4766,0.38477,0,10
973,64,-0.74805,2.2656,-1.8008,-1.3384,19
973,64,0.42578,4.502,-0.41211,-1.3384,21
973,64,0.41797,4.4453,-0.017578,-1.0038,57
973,64,0.42188,4.4824,-0.011719,-1.0038,64
973,64,0.42578,4.5195,-0.070313,-1.0038,52
973,64,0.42969,4.5469,-0.31836,-1.0038,40
973,64,3.5254,0.24805,4.0469,-1.0038,44
973,64,3.5508,0,4.5117,-1.0038,32
973,64,0.2793,4.4355,0.41406,-0.66921,42
974,64,0,2.8945,-0.32813,0,16
974,64,0,2.9316,-0.33984,0,14
974,64,0.09375,2.9922,0.44336,0,13
974,64,-4.3516,0,-0.91602,0,22
974,64,-4.252,0,-1.1875,0,24
974,64,5.0215,1.1855,-0.5,-2.3422,14
974,64,4.8945,1.6133,-0.83594,-2.3422,13
974,64,-0.16406,2.5801,-0.36328,-2.0076,14
974,64,-0.16602,2.5898,-0.53125,-2.0076,23
974,64,-0.16797,2.6113,-0.60742,-2.0076,19
974,64,0,2.7422,-0.98438,-2.0076,40
974,64,0,2.7969,-0.94141,-2.0076,46
974,64,0,2.8496,-0.9043,-2.0076,26
974,64,0.18945,2.959,-0.61133,-2.0076,23
974,64,5.0215,1.1992,-0.46094,-2.0076,22
974,64,5.0586,1.1563,-0.58203,-2.0076,23
974,64,-0.082031,2.6035,-0.16406,-1.673,32
974,64,-0.082031,2.6289,-0.30469,-1.673,75
974,64,-0.083984,2.6582,-0.375,-1.673,83
974,64,-0.085938,2.6855,-0.45117,-1.673,44
974,64,0.089844,2.8281,-0.50781,-1.673,130
974,64,0.091797,2.8613,-0.54492,-1.673,338
974,64,0.091797,2.8867,-0.60938,-1.673,379
974,64,0,2.8906,-0.75586,-1.673,158
974,64,0.37891,2.9746,-0.41016,-1.673,84
974,64,0.38281,2.9648,-0.67578,-1.673,48
974,64,-0.16406,2.6055,-0.048828,-1.3384,28
974,64,-0.16602,2.6387,-0.1543,-1.3384,81
974,64,-0.083984,2.6758,-0.2207,-1.3384,108
974,64,-0.16992,2.7051,-0.27539,-1.3384,64
974,64,-0.25977,2.748,-0.10547,-1.3384,21
974,64,-0.26172,2.7852,-0.11133,-1.3384,25
974,64,-0.087891,2.8184,-0.31445,-1.3384,53
974,64,0.089844,2.8574,-0.29883,-1.3384,216
974,64,0.091797,2.8906,-0.35352,-1.3384,567
974,64,0.091797,2.9199,-0.41797,-1.3384,656
974,64,0.09375,2.9355,-0.55469,-1.3384,314
974,64,-0.09375,2.8262,-1.0781,-1.3384,79
974,64,-4.1152,1.0996,-1.0605,-1.3384,53
974,64,-4.1504,1.166,-1.0059,-1.3384,45
974,64,3.4512,0.75391,3.8965,-1.3384,30
974,64,-5.1309,0.17578,-1.3027,-1.3384,25
974,64,-0.16602,2.6426,0.011719,-1.0038,32
974,64,0,2.6855,-0.070313,-1.0038,48
974,64,-0.085938,2.7188,-0.14648,-1.0038,33
974,64,0,2.8379,0,-1.0038,24
974,64,0.089844,2.873,-0.054688,-1.0038,101
974,64,0.091797,2.9102,-0.12305,-1.0038,277
974,64,0.091797,2.9414,-0.20703,-1.0038,344
974,64,0.09375,2.9668,-0.34375,-1.0038,209
974,64,-0.09375,2.9395,-0.71875,-1.0038,84
974,64,-4.0781,1.0977,-1.043,-1.0038,68
974,64,-4.1152,1.168,-0.98242,-1.0038,111
974,64,-4.1504,1.2598,-0.88672,-1.0038,90
974,64,3.4258,0,4.3398,-1.0038,48
974,64,-5.0938,0.99609,-0.8418,-1.0038,83
974,64,-5.1309,0.66992,-1.1309,-1.0038,78
974,64,-5.168,0,-1.5605,-1.0038,42
974,64,0,2.6895,-1.0176,-0.66921,19
974,64,0.091797,2.7246,-1.0293,-0.66921,37
974,64,0,2.7266,-1.1309,-0.66921,25
974,64,0,2.9707,0.32031,-0.66921,16
974,64,0,3.0137,-0.28906,-0.66921,34
974,64,-4.0781,0.94531,-1.1816,-0.66921,79
975,64,0.16016,2.5664,-0.089844,0,16
975,64,0.082031,2.6035,-0.1582,0,29
975,64,0.16602,2.6289,-0.28125,0,24
975,64,0.083984,2.6367,-0.50391,0,7
975,64,0,2.748,0.2832,0,22
975,64,0,2.748,0.53516,0,44
975,64,0.087891,2.7734,0.58984,0,48
975,64,0.089844,2.8145,0.58203,0,29
975,64,0,2.707,0.7168,0.33461,21
975,64,0,2.7188,0.80859,0.33461,23
975,64,0.089844,2.7695,0.76953,0.33461,14
975,64,-0.51758,3.3867,4.332,2.0076,14
975,64,-0.51367,2.9316,4.6094,2.3422,15
975,64,-0.51758,2.748,4.7637,2.3422,20
975,64,0.17773,2.7695,-0.5957,-2.3422,12
975,64,-0.083984,2.6211,-0.58398,-2.0076,18
975,64,0,2.6016,-0.80664,-2.0076,25
975,64,0.085938,2.6016,-0.92383,-2.0076,95
975,64,0.17578,2.6836,-0.7793,-2.0076,162
975,64,0.17773,2.7559,-0.6543,-2.0076,141
975,64,0.26953,2.7832,-0.66602,-2.0076,71
975,64,0.36328,2.7773,-0.80273,-2.0076,18
975,64,-0.24805,2.5938,-0.47461,-1.673,26
975,64,-0.16797,2.6523,-0.38867,-1.673,51
975,64,-0.25586,2.6797,-0.41211,-1.673,48
975,64,0.085938,2.6387,-0.8125,-1.673,218
975,64,0.17578,2.7363,-0.57031,-1.673,441
975,64,0.17773,2.8008,-0.42188,-1.673,482
975,64,0.26953,2.834,-0.40625,-1.673,303
975,64,0.36328,2.8652,-0.38672,-1.673,91
975,64,0,2.5527,-0.32031,-1.3384,17
975,64,0.16406,2.5684,-0.4375,-1.3384,33
975,64,0.41406,2.5508,-0.58398,-1.3384,24
975,64,-0.33594,2.6602,-0.17578,-1.3384,39
975,64,0.42578,1.6289,-2.1406,-1.3384,38
975,64,0.17188,2.5586,-1.0254,-1.3384,132
975,64,0.17578,2.7559,-0.45703,-1.3384,321
975,64,0.17773,2.8203,-0.25,-1.3384,441
975,64,0.26953,2.8555,-0.21094,-1.3384,329
975,64,0.27344,2.8945,-0.19531,-1.3384,104
975,64,0.080078,2.5137,-0.32031,-1.0038,27
975,64,0.080078,2.5508,-0.32813,-1.0038,71
975,64,0.082031,2.582,-0.38086,-1.0038,88
975,64,0.16602,2.6094,-0.41602,-1.0038,57
975,64,0.16797,2.6191,-0.57617,-1.0038,21
975,64,0.17578,2.5605,-1.1191,-1.0038,49
975,64,0.26563,2.8184,-0.19141,-1.0038,91
975,64,0.26953,2.8633,-0.046875,-1.0038,92
975,64,0,2.5293,-0.17578,-0.66921,41
975,64,0.080078,2.5645,-0.18359,-0.66921,97
975,64,0.082031,2.5957,-0.26758,-0.66921,114
975,64,0.16602,2.6191,-0.35742,-0.66921,74
975,64,0.083984,2.6504,-0.43359,-0.66921,22
975,64,0,2.7441,0.55078,-0.66921,22
975,64,0.087891,2.8262,0.23047,-0.66921,24
975,64,0,2.5352,0.054688,-0.33461,22
975,64,0,2.5723,-0.041016,-0.33461,53
975,64,0.082031,2.6016,-0.19922,-0.33461,79
975,64,0.16602,2.623,-0.32422,-0.33461,64
975,64,0.083984,2.6523,-0.41602,-0.33461,22
975,64,0,2.7949,0.16797,-0.33461,16
975,64,0.087891,2.8281,0.20313,-0.33461,23
975,64,-0.58789,2.0625,1.6172,0,4
975,64,-0.49609,1.3926,2.1973,-1.3384,20
976,64,0.082031,2.6348,0.25586,0,18
976,64,0.16797,2.6816,-0.029297,0,30
976,64,0.16992,2.7148,-0.14258,0,26
976,64,0.085938,2.75,-0.23438,0,15
976,64,-4.0078,1.2031,-0.875,0,14
976,64,-7.4395,1.7559,-0.74023,0.33461,23
976,64,-7.4766,1.4355,-1.2656,0.33461,19
976,64,-7.6797,0,-0.16797,0.66921,17
976,64,-7.4766,1.8594,-0.45313,0.66921,16
976,64,-0.074219,2.332,-0.24805,-2.6769,16
976,64,-0.074219,2.3672,-0.27344,-2.6769,37
976,64,0,2.3906,-0.38672,-2.6769,46
976,64,0,2.4219,-0.42773,-2.6769,31
976,64,0.16406,5.1211,-1.002,-2.6769,20
976,64,0.16406,5.127,-1.1582,-2.6769,21
976,64,0.16602,5.1621,-1.1738,-2.6769,16
976,64,-0.14648,2.3379,-0.13086,-2.3422,37
976,64,-0.074219,2.373,-0.21289,-2.3422,92
976,64,-0.076172,2.4043,-0.28125,-2.3422,121
976,64,0,2.4336,-0.35742,-2.3422,82
976,64,0,2.4551,-0.45508,-2.3422,25
976,64,0.099609,2.8086,-1.5625,-2.3422,14
976,64,0,5.1465,-0.87695,-2.3422,17
976,64,0.16406,5.2129,-0.67773,-2.3422,17
976,64,-0.14648,2.3418,-0.023438,-2.0076,31
976,64,-0.074219,2.3789,-0.11328,-2.0076,84
976,64,-0.076172,2.4141,-0.16602,-2.0076,112
976,64,-0.076172,2.4492,-0.21875,-2.0076,75
976,64,0,2.4746,-0.33203,-2.0076,20
976,64,0,2.6602,-0.58594,-2.0076,36
976,64,-0.14844,2.3789,-0.011719,-1.673,24
976,64,-0.076172,2.4199,-0.056641,-1.673,34
976,64,-0.076172,2.457,-0.09375,-1.673,22
976,64,0.16406,2.5234,-0.65039,-1.673,88
976,64,0.16602,2.5645,-0.64258,-1.673,210
976,64,0.083984,2.6016,-0.66406,-1.673,276
976,64,0.085938,2.6289,-0.70508,-1.673,229
976,64,0.085938,2.666,-0.71484,-1.673,120
976,64,0,2.7539,-0.50195,-1.673,33
976,64,-0.23828,2.4805,-0.46094,-1.3384,16
976,64,0.080078,2.5215,-0.50391,-1.3384,45
976,64,0.082031,2.5508,-0.54492,-1.3384,177
976,64,0.082031,2.6016,-0.48438,-1.3384,412
976,64,0.083984,2.6387,-0.49414,-1.3384,509
976,64,0.16992,2.6523,-0.59961,-1.3384,390
976,64,0.085938,2.6855,-0.63867,-1.3384,217
976,64,0.087891,2.7305,-0.61719,-1.3384,80
976,64,0,2.5391,-0.41602,-1.0038,23
976,64,0,2.5762,-0.41992,-1.0038,91
976,64,0,2.6348,-0.26172,-1.0038,232
976,64,0.083984,2.668,-0.30859,-1.0038,305
976,64,0.16992,2.6777,-0.4668,-1.0038,239
976,64,0.17188,2.6953,-0.57617,-1.0038,138
976,64,0.087891,2.7344,-0.58984,-1.0038,58
976,64,0.32617,2.5293,-0.55469,-0.66921,37
976,64,0.33008,2.5879,-0.45898,-0.66921,88
976,64,0.33594,2.625,-0.4668,-0.66921,136
976,64,0.25586,2.6641,-0.50977,-0.66921,113
976,64,0.25977,2.6738,-0.63672,-0.66921,55
976,64,0.17578,2.6211,-0.9668,-0.66921,26
976,64,0.53516,4.1641,-0.80469,-0.66921,35
976,64,-3.9082,1.4727,-1.0742,-0.66921,42
976,64,0.16016,2.4492,-0.77148,-0.33461,14
976,64,0.24414,2.4941,-0.73047,-0.33461,25
977,64,0,2.4961,0.060547,0,13
977,64,0.1582,2.5039,-0.35742,0,46
977,64,0.24023,2.5273,-0.41406,0,132
977,64,0.24414,2.5664,-0.4082,0,200
977,64,0.24805,2.6035,-0.41211,0,150
977,64,0.33594,2.625,-0.46484,0,56
977,64,0,2.5352,-0.017578,0.33461,12
977,64,0.16016,2.5645,-0.10742,0.33461,27
977,64,0.16406,2.6055,-0.0019531,0.33461,36
977,64,0.16602,2.6426,-0.027344,0.33461,29
977,64,0.16797,2.6719,-0.2207,0.33461,15
977,64,-0.2832,2.8867,0.86523,2.3422,15
977,64,-0.28711,2.8535,1.0781,2.3422,13
977,64,0.15625,4.8379,-1.2305,-2.6769,17
977,64,0.16016,2.2539,-1.2285,-2.3422,13
977,64,0.082031,2.2188,-1.3711,-2.3422,10
977,64,0,4.9102,-0.91211,-2.3422,19
977,64,0.23828,2.3984,-0.78711,-2.0076,54
977,64,0.24023,2.3789,-0.94727,-2.0076,98
977,64,0.16406,2.3633,-1.0977,-2.0076,77
977,64,0.16602,2.2676,-1.3574,-2.0076,25
977,64,-0.27344,2.166,-0.22461,-1.673,12
977,64,-0.13867,2.209,-0.29297,-1.673,30
977,64,-0.21289,2.2168,-0.44141,-1.673,37
977,64,-0.14453,2.252,-0.48242,-1.673,23
977,64,0.23828,2.4141,-0.73633,-1.673,133
977,64,0.24023,2.4453,-0.76367,-1.673,243
977,64,0.16406,2.4531,-0.87891,-1.673,207
977,64,0.24805,2.4492,-0.97852,-1.673,103
977,64,0.25195,2.4648,-1.0352,-1.673,41
977,64,0.16992,2.5254,-1.0059,-1.673,16
977,64,-0.27344,2.1777,-0.041016,-1.3384,20
977,64,-0.20898,2.2168,-0.16211,-1.3384,60
977,64,-0.14258,2.2539,-0.22852,-1.3384,82
977,64,-0.2168,2.2754,-0.31641,-1.3384,52
977,64,-0.14648,2.3047,-0.41406,-1.3384,20
977,64,-0.074219,2.3516,-0.37891,-1.3384,24
977,64,0,2.459,-0.025391,-1.3384,45
977,64,0.31641,2.4648,-0.5,-1.3384,131
977,64,0.16016,2.5039,-0.57031,-1.3384,247
977,64,0.16406,2.5234,-0.65039,-1.3384,249
977,64,0.16602,2.5313,-0.76172,-1.3384,183
977,64,0.25195,2.541,-0.83594,-1.3384,90
977,64,-0.13867,2.2285,0.0078125,-1.0038,37
977,64,-0.21289,2.2598,-0.064453,-1.0038,52
977,64,-0.2168,2.293,-0.14648,-1.0038,33
977,64,-0.14648,2.3223,-0.29297,-1.0038,15
977,64,0,2.459,-0.0058594,-1.0038,40
977,64,-0.31641,1.9434,-1.5957,-1.0038,83
977,64,-0.16016,2.3379,-1.0625,-1.0038,121
977,64,0.082031,2.5586,-0.51172,-1.0038,111
977,64,0.16602,2.6133,-0.40039,-1.0038,130
977,64,0.16797,2.6289,-0.52539,-1.0038,84
977,64,-4.8379,0.87891,-0.87305,-1.0038,57
977,64,-4.875,1.0449,-0.68164,-1.0038,68
977,64,-4.9121,1.1973,-0.38672,-1.0038,39
977,64,-0.1582,2.166,-1.3066,-0.66921,50
977,64,0.16016,2.373,-0.97852,-0.66921,103
977,64,0.24414,2.377,-1.0527,-0.66921,152
977,64,0.33008,2.3301,-1.2148,-0.66921,77
977,64,0.16797,2.6797,-0.0625,-0.66921,28
977,64,-4.8379,1.1855,-0.35938,-0.66921,53
977,64,-4.875,1.2344,-0.18555,-0.66921,60
977,64,0.31641,2.4219,-0.67578,-0.33461,51
978,64,0,2.1504,-0.1543,0,14
978,64,0,2.1836,-0.22266,0,22
978,64,0,2.209,-0.32813,0,17
978,64,0,2.3359,0.20508,0,19
978,64,0,2.373,0.22461,0,56
978,64,0,2.4141,0.18164,0,75
978,64,0.076172,2.457,0.0625,0,47
978,64,0.078125,2.4863,-0.22656,0,33
978,64,0.1582,2.5156,-0.26172,0,45
978,64,0.24023,2.5469,-0.2793,0,44
978,64,0.24414,2.5605,-0.44922,0,30
978,64,0.24805,2.5332,-0.73047,0,21
978,64,0.25195,2.5938,-0.65039,0,13
978,64,0.068359,2.1484,-0.17188,0.33461,12
978,64,0.13672,2.1836,-0.16211,0.33461,25
978,64,0.13867,2.2168,-0.21484,0.33461,25
978,64,0.070313,2.2441,-0.33594,0.33461,12
978,64,0,2.3516,0.39063,0.33461,25
978,64,0,2.3984,0.33789,0.33461,34
978,64,0,2.4512,0.20313,0.33461,22
978,64,0.068359,2.1934,-0.015625,0.66921,16
978,64,0.070313,2.2285,-0.11523,0.66921,13
978,64,0.074219,2.2852,-0.52148,-1.673,57
978,64,0.14844,2.3066,-0.58008,-1.673,184
978,64,0.15039,2.3359,-0.62109,-1.673,254
978,64,0.1543,2.3574,-0.68359,-1.673,175
978,64,0.15625,2.3711,-0.76563,-1.673,97
978,64,0.1582,2.3359,-0.9707,-1.673,34
978,64,0,2.1914,-0.41992,-1.3384,13
978,64,0,2.2305,-0.42383,-1.3384,24
978,64,-0.072266,2.2676,-0.41992,-1.3384,37
978,64,0.074219,2.3184,-0.35547,-1.3384,173
978,64,0.074219,2.3496,-0.39453,-1.3384,545
978,64,0.076172,2.375,-0.46289,-1.3384,739
978,64,0.1543,2.3789,-0.60547,-1.3384,538
978,64,0.15625,2.3711,-0.76953,-1.3384,323
978,64,0.1582,2.4512,-0.62305,-1.3384,143
978,64,0.24023,2.4941,-0.58398,-1.3384,68
978,64,0.72852,5.707,-0.91992,-1.3384,27
978,64,0.54883,5.7168,-1.1875,-1.3384,38
978,64,0.36914,5.7148,-1.4277,-1.3384,31
978,64,-0.070313,2.2207,-0.20703,-1.0038,20
978,64,0,2.248,-0.3125,-1.0038,35
978,64,-0.072266,2.2773,-0.36719,-1.0038,39
978,64,0.074219,2.3359,-0.19336,-1.0038,150
978,64,0.074219,2.3711,-0.22461,-1.0038,471
978,64,0.076172,2.4004,-0.30664,-1.0038,638
978,64,0.076172,2.4023,-0.52344,-1.0038,496
978,64,0,2.4004,-0.6875,-1.0038,304
978,64,0.23828,2.4785,-0.47656,-1.0038,202
978,64,0.24023,2.4844,-0.62695,-1.0038,211
978,64,0.24414,2.4805,-0.77344,-1.0038,91
978,64,-3.8848,0.57422,-0.8125,-1.0038,80
978,64,-3.9219,0.48242,-0.88086,-1.0038,78
978,64,-3.959,0,-1.0195,-1.0038,49
978,64,0.54883,5.7949,-0.71289,-1.0038,36
978,64,0.36914,5.7969,-1.0469,-1.0038,29
978,64,0,2.2656,-0.13281,-0.66921,15
978,64,0,2.293,-0.26367,-0.66921,12
978,64,0.074219,2.3438,-0.0078125,-0.66921,29
978,64,0.074219,2.3809,-0.070313,-0.66921,97
978,64,0.076172,2.4121,-0.20898,-0.66921,137
978,64,0,2.4063,-0.50781,-0.66921,135
978,64,-0.15625,2.4785,-0.25586,-0.66921,79
979,64,0,2.2383,0.38281,0,22
979,64,0,2.3047,0.10352,0,35
979,64,0,2.3457,-0.037109,0,22
979,64,0,2.3027,0.1543,0.33461,20
979,64,0.074219,2.3398,0.14648,0.33461,14
979,64,0.064453,2.0781,-0.10352,-2.6769,21
979,64,0.13281,2.1016,-0.23828,-2.6769,42
979,64,0.13477,2.127,-0.33008,-2.6769,30
979,64,0,1.9961,-0.18359,-2.3422,24
979,64,0.064453,2.0195,-0.30664,-2.3422,63
979,64,0,2.0313,-0.44727,-2.3422,54
979,64,0.13281,2.1152,-0.0039063,-2.3422,20
979,64,0.068359,2.1484,-0.16211,-2.3422,38
979,64,0.068359,2.1777,-0.26563,-2.3422,15
979,64,0,4.4277,-1.0039,-2.3422,15
979,64,0.14258,4.3672,-1.3672,-2.3422,12
979,64,0,2.002,-0.099609,-2.0076,40
979,64,0,2.0371,-0.15625,-2.0076,117
979,64,0,2.0684,-0.22266,-2.0076,138
979,64,0,2.0938,-0.32031,-2.0076,69
979,64,0.068359,2.1406,-0.25391,-2.0076,18
979,64,0.072266,2.2246,-0.60742,-2.0076,21
979,64,0,2.2344,-0.71484,-2.0076,15
979,64,0,2.0059,0.021484,-1.673,21
979,64,0,2.043,-0.035156,-1.673,63
979,64,0,2.0801,-0.078125,-1.673,82
979,64,0,2.1133,-0.1543,-1.673,50
979,64,0,2.125,-0.36719,-1.673,24
979,64,0.070313,2.2246,0.16992,-1.673,31
979,64,0.070313,2.0664,0.9375,-1.673,69
979,64,0.14453,1.6914,-1.5625,-1.673,84
979,64,0.14648,2.1387,-0.95313,-1.673,76
979,64,0.074219,2.3184,-0.54688,-1.673,52
979,64,0,2.3887,-0.39063,-1.673,29
979,64,-3.7461,0,-0.37109,-1.673,15
979,64,-3.7832,0,-0.48242,-1.673,16
979,64,-0.19922,2.0801,-0.34766,-1.3384,16
979,64,-0.068359,2.1289,-0.33594,-1.3384,33
979,64,0,2.1855,-0.19336,-1.3384,19
979,64,0.070313,2.2129,0.2793,-1.3384,100
979,64,0.070313,2.2676,0.044922,-1.3384,256
979,64,0.14453,2.1211,-0.89844,-1.3384,369
979,64,0.14648,2.2031,-0.79102,-1.3384,267
979,64,0.14844,2.3105,-0.56445,-1.3384,101
979,64,-0.13281,2.1094,-0.16016,-1.0038,13
979,64,0,2.1484,-0.18555,-1.0038,19
979,64,-0.068359,2.1934,-0.017578,-1.0038,20
979,64,0.070313,2.1953,0.39453,-1.0038,82
979,64,0.070313,2.2676,-0.042969,-1.0038,236
979,64,0.14453,2.248,-0.50586,-1.0038,337
979,64,0.14648,2.2734,-0.5625,-1.0038,218
979,64,0.22266,2.3047,-0.56641,-1.0038,65
979,64,-4.541,1.1602,-1.2227,-1.0038,40
979,64,-4.5762,1.4473,-0.88672,-1.0038,52
979,64,0.070313,2.2148,0.26367,-0.66921,19
979,64,0.14258,2.2578,-0.19141,-0.66921,56
979,64,0.2168,2.2188,-0.59961,-0.66921,86
979,64,0.2207,2.1426,-0.92773,-0.66921,74
979,64,0.14844,1.9434,-1.3711,-0.66921,27
979,64,0.21289,2.1973,-0.52734,-0.33461,34
979,64,0.2168,2.1699,-0.75391,-0.33461,69
979,64,0.2207,2.1719,-0.86133,-0.33461,70
979,64,0.14844,2.1699,-0.97461,-0.33461,35
979,64,3.3301,0,3.5645,-1.0038,30
980,64,0.068359,2.0938,0.50977,0,34
980,64,0.068359,2.1523,0.42383,0,51
980,64,0.070313,2.2129,0.2832,0,41
980,64,0.070313,2.2676,-0.076172,0,18
980,64,0,2.0723,0.5957,0.33461,18
980,64,0,2.1406,0.48633,0.33461,27
980,64,0,2.2031,0.35938,0.33461,21
980,64,-0.39063,6.2285,-0.13867,0.33461,22
980,64,-0.58789,6.252,-0.060547,0.33461,27
980,64,-0.13281,3.2539,2.7695,2.0076,34
980,64,-0.13477,3.3691,2.6895,2.0076,31
980,64,-0.26563,2.9395,3.041,2.3422,31
980,64,-0.26758,3.0332,3.002,2.3422,55
980,64,-0.13477,3.1816,2.9082,2.3422,44
980,64,0.13281,4.1484,-0.84961,-2.6769,18
980,64,0.26758,4.1348,-1.0508,-2.6769,28
980,64,-0.17383,1.8418,-0.13281,-2.0076,22
980,64,-0.11914,1.877,-0.21094,-2.0076,33
980,64,0,1.9082,-0.28125,-2.0076,27
980,64,0.068359,2.0371,-0.70508,-2.0076,43
980,64,0.068359,2.0742,-0.71484,-2.0076,58
980,64,0,2.0762,-0.81836,-2.0076,43
980,64,-0.16992,1.8086,0.013672,-1.673,24
980,64,-0.17383,1.8438,-0.080078,-1.673,61
980,64,-0.058594,1.8848,-0.14453,-1.673,86
980,64,-0.060547,1.918,-0.20508,-1.673,67
980,64,0,1.9434,-0.30273,-1.673,26
980,64,0.13281,2.0039,-0.67773,-1.673,147
980,64,0.13477,2.0098,-0.76758,-1.673,326
980,64,0.068359,2.0234,-0.8457,-1.673,329
980,64,0,2.0352,-0.91602,-1.673,182
980,64,-0.070313,1.9824,-1.1055,-1.673,88
980,64,0,1.7656,-1.4863,-1.673,43
980,64,0,2.0508,-1.1406,-1.673,38
980,64,-0.16992,1.8066,0.046875,-1.3384,24
980,64,-0.17383,1.8457,-0.0039063,-1.3384,61
980,64,-0.11914,1.8867,-0.052734,-1.3384,78
980,64,-0.12109,1.9238,-0.099609,-1.3384,56
980,64,-0.060547,1.9531,-0.2207,-1.3384,25
980,64,0.064453,2.0488,-0.35938,-1.3384,55
980,64,0.066406,2.0215,-0.62891,-1.3384,226
980,64,0.068359,1.9902,-0.82813,-1.3384,440
980,64,0.068359,1.8945,-1.1055,-1.3384,362
980,64,-0.13867,1.9473,-1.082,-1.3384,138
980,64,-0.070313,2.0547,-0.96289,-1.3384,99
980,64,-3.7383,0,-1.3301,-1.3384,28
980,64,-0.23242,1.8379,0.056641,-1.0038,22
980,64,-0.11914,1.8887,0.015625,-1.0038,25
980,64,-0.12109,1.9258,-0.048828,-1.0038,15
980,64,0,2.0684,-0.23438,-1.0038,35
980,64,0.066406,2.0156,-0.64844,-1.0038,97
980,64,0,1.8125,-1.1699,-1.0038,162
980,64,0.13672,1.1543,1.8613,-1.0038,93
980,64,0.20898,2.2012,0.29883,-1.0038,126
980,64,0.21289,2.2598,-0.037109,-1.0038,101
980,64,-3.8203,0,-0.94922,-1.0038,54
980,64,-3.8594,0,-1.0254,-1.0038,82
980,64,-3.6523,0.67773,-1.1758,-1.0038,66
980,64,0.20313,2.0801,0.5332,-0.66921,31
980,64,0.13672,2.1621,0.34375,-0.66921,60
980,64,0.070313,2.2227,0.19922,-0.66921,66
980,64,0.14258,2.2617,0.11914,-0.66921,42
980,64,-3.7383,0.67969,-0.67383,-0.66921,73
980,64,0.068359,2.1309,0.32031,-0.33461,14
981,64,0,2.0059,0.021484,0,22
981,64,0.064453,2.041,0.085938,0,45
981,64,0,1.9805,-0.64063,0,29
981,64,0.064453,1.998,0.42188,0.33461,20
981,64,0.24805,3.7793,-1.1992,-2.6769,21
981,64,0.25,3.8379,-1.1387,-2.6769,29
981,64,0.12695,3.9629,-0.82031,-2.6769,15
981,64,0.125,3.8516,-0.96289,-2.3422,24
981,64,0.25,3.8984,-0.9043,-2.3422,35
981,64,0.12695,3.9844,-0.70703,-2.3422,22
981,64,-0.26563,1.6719,-0.17188,-2.0076,13
981,64,-0.2168,1.7148,-0.19531,-2.0076,28
981,64,-0.27734,1.7344,-0.2793,-2.0076,27
981,64,-0.2832,1.7363,-0.45117,-2.0076,11
981,64,0.35547,2.1777,-0.53125,-2.0076,26
981,64,0.36133,2.1895,-0.63477,-2.0076,46
981,64,0.36719,2.2129,-0.68359,-2.0076,43
981,64,-0.26563,1.6797,-0.066406,-1.673,22
981,64,-0.27148,1.7129,-0.14844,-1.673,47
981,64,-0.22266,1.75,-0.2168,-1.673,50
981,64,-0.16992,1.7813,-0.31055,-1.673,30
981,64,0.125,1.8535,-0.75391,-1.673,129
981,64,0.12695,1.8711,-0.80859,-1.673,281
981,64,0.13086,1.7773,-1.0742,-1.673,240
981,64,0.066406,1.7891,-1.1328,-1.673,100
981,64,0.36133,2.2207,-0.51172,-1.673,72
981,64,0.33594,2.3965,-1.1641,-1.673,24
981,64,0.33984,2.3438,-1.3457,-1.673,31
981,64,0.3457,2.3418,-1.4219,-1.673,18
981,64,0.67578,5.2246,-1.2324,-1.673,28
981,64,0.68164,5.2422,-1.3203,-1.673,32
981,64,0.68555,5.3281,-1.1074,-1.673,21
981,64,-0.2168,1.7246,-0.080078,-1.3384,31
981,64,-0.16602,1.7637,-0.15039,-1.3384,46
981,64,-0.16992,1.7988,-0.18945,-1.3384,38
981,64,0,1.8477,-0.67578,-1.3384,51
981,64,0.0625,1.9258,-0.55469,-1.3384,328
981,64,0.12695,1.9414,-0.625,-1.3384,681
981,64,0.13086,1.8086,-1.0195,-1.3384,519
981,64,0,1.9102,-0.91602,-1.3384,178
981,64,0.13477,2.0762,-0.56445,-1.3384,115
981,64,0.67578,5.3105,-0.77734,-1.3384,30
981,64,0.68164,5.3398,-0.84375,-1.3384,35
981,64,-0.11133,1.7734,-0.058594,-1.0038,21
981,64,-0.16992,1.8027,-0.13672,-1.0038,15
981,64,-0.058594,1.8262,-0.31641,-1.0038,16
981,64,0,1.8496,-0.39648,-1.0038,17
981,64,0,1.9219,-0.42383,-1.0038,46
981,64,0.0625,1.9805,-0.30273,-1.0038,270
981,64,0.12695,2.0098,-0.33984,-1.0038,524
981,64,0.13086,1.8848,-0.87109,-1.0038,357
981,64,-0.066406,2.0195,-0.63867,-1.0038,83
981,64,0.13477,2.1328,-0.29297,-1.0038,129
981,64,-3.6289,0,-1.0117,-1.0038,64
981,64,-3.666,0,-0.98047,-1.0038,74
981,64,0,2.0039,-0.052734,-0.66921,66
981,64,0.064453,2.041,0.017578,-0.66921,114
981,64,0.064453,2.0781,0.085938,-0.66921,73
981,64,0.066406,2.1172,-0.0097656,-0.66921,44
981,64,0.068359,2.1445,-0.22656,-0.66921,60
981,64,-3.6289,0.62695,-0.68555,-0.66921,101
981,64,-3.666,0.625,-0.69922,-0.66921,124
981,64,-3.6289,0.87109,-0.32227,-0.33461,47
981,64,-3.666,0.85547,-0.38672,-0.33461,60
982,64,0,1.5859,-0.083984,0,14
982,64,0.050781,1.623,-0.11328,0,40
982,64,0.10352,1.6563,-0.13672,0,60
982,64,0.052734,1.6934,-0.17383,0,45
982,64,0.10938,1.707,-0.31836,0,17
982,64,0.17773,1.8457,0.375,0,52
982,64,0.12109,1.873,0.44531,0,89
982,64,0.060547,1.9395,0.32422,0,91
982,64,0.0625,1.9902,0.24219,0,52
982,64,0,1.5879,-0.023438,0.33461,18
982,64,0.10156,1.6211,-0.10156,0.33461,43
982,64,0.10352,1.6563,-0.13477,0.33461,56
982,64,0.10547,1.6914,-0.1543,0.33461,46
982,64,0.10938,1.7207,-0.24414,0.33461,23
982,64,0.11914,1.8066,0.54883,0.33461,26
982,64,0.060547,1.8496,0.54492,0.33461,45
982,64,0.12305,1.9141,0.43945,0.33461,48
982,64,0.0625,1.9844,0.28711,0.33461,29
982,64,-3.1914,0.625,5.9824,0.33461,20
982,64,-2.9961,1.5879,5.9492,0.33461,20
982,64,0.10156,1.623,0.0058594,0.66921,21
982,64,0.10352,1.6602,-0.058594,0.66921,27
982,64,0.052734,1.6992,-0.09375,0.66921,21
982,64,0.39648,1.918,-0.80664,-2.6769,24
982,64,0.4043,1.8633,-1.0098,-2.6769,22
982,64,0.32422,2.0059,-0.45117,-2.3422,22
982,64,0.33008,1.9648,-0.71875,-2.3422,52
982,64,0.4043,1.9551,-0.81641,-2.3422,60
982,64,0.41211,1.9395,-0.94141,-2.3422,32
982,64,0.35547,3.4844,-1.4297,-2.3422,16
982,64,0.11914,1.834,-0.44922,-2.0076,26
982,64,0.12109,1.8398,-0.57031,-2.0076,69
982,64,0.12305,1.8418,-0.67773,-2.0076,85
982,64,0.125,1.8516,-0.75977,-2.0076,54
982,64,0.25586,1.8867,-0.74219,-2.0076,43
982,64,0.32422,1.9004,-0.7832,-2.0076,57
982,64,0.26563,1.916,-0.86523,-2.0076,56
982,64,0.33789,1.957,-0.83789,-2.0076,53
982,64,0.34375,2.0078,-0.81836,-2.0076,33
982,64,0.23633,3.6074,-1.1152,-2.0076,19
982,64,0.17383,1.8008,-0.40625,-1.673,21
982,64,0.17773,1.7949,-0.57227,-1.673,70
982,64,0.12109,1.7715,-0.75586,-1.673,92
982,64,0.12305,1.8301,-0.70898,-1.673,89
982,64,0.125,1.9219,-0.55664,-1.673,125
982,64,0.19141,1.9824,-0.45313,-1.673,122
982,64,0.25977,2,-0.51172,-1.673,112
982,64,0.19922,1.9883,-0.70313,-1.673,54
982,64,0.33789,2.0449,-0.5957,-1.673,37
982,64,0.41211,2.0684,-0.60742,-1.673,25
982,64,0,1.7344,-0.39453,-1.3384,15
982,64,0,1.7598,-0.45117,-1.3384,25
982,64,0.17383,1.7852,-0.46875,-1.3384,91
982,64,0.17773,1.8711,-0.21875,-1.3384,292
982,64,0.18164,1.9199,0.052734,-1.3384,433
982,64,0.18359,1.9473,-0.21094,-1.3384,538
982,64,0.125,1.957,-0.41797,-1.3384,529
982,64,0.12695,1.9883,-0.44922,-1.3384,312
982,64,0.25977,2.041,-0.3125,-1.3384,140
982,64,0.13281,2.082,-0.36719,-1.3384,37
982,64,0.66602,5.2617,-0.57813,-1.3384,30
982,64,0.50391,5.3066,-0.66406,-1.3384,33
982,64,0.67578,5.2988,-0.85938,-1.3384,25
982,64,0,1.7402,-0.36133,-1.0038,27
983,64,0,1.5527,0.33594,0,9
983,64,0.050781,1.6152,0.18359,0,8
983,64,0.056641,1.8086,-0.14648,0,21
983,64,0,1.8125,-0.39258,0,26
983,64,0.29492,1.6953,-0.78516,0,44
983,64,0.30078,1.8789,0.31836,0,57
983,64,0.30664,1.9141,0.33984,0,38
983,64,0.30078,1.8516,0.45117,0.33461,28
983,64,0.24609,1.9199,0.35156,0.33461,17
983,64,0.11914,1.7266,0.76367,2.3422,15
983,64,0.12109,1.8047,0.66992,2.3422,13
983,64,0.34766,1.5039,-1.0254,-2.6769,19
983,64,0.41406,1.5508,-1,-2.6769,26
983,64,0.36133,1.6289,-0.9668,-2.6769,20
983,64,0.097656,1.543,-0.13672,-2.3422,21
983,64,0.099609,1.5742,-0.18945,-2.3422,38
983,64,0.15234,1.6035,-0.22852,-2.3422,30
983,64,0.33398,3.3867,-1.0352,-2.3422,20
983,64,0.33789,3.4766,-0.84961,-2.3422,26
983,64,0.33984,3.5117,-0.86133,-2.3422,18
983,64,0.09375,1.5078,-0.087891,-2.0076,13
983,64,0.097656,1.5469,-0.076172,-2.0076,52
983,64,0.14844,1.5781,-0.10547,-2.0076,82
983,64,0.15234,1.6133,-0.14453,-2.0076,62
983,64,0.10352,1.6406,-0.26367,-2.0076,22
983,64,0.29492,1.7383,-0.68555,-2.0076,17
983,64,0.30078,1.75,-0.75586,-2.0076,24
983,64,0.30664,1.8457,-0.60742,-2.0076,26
983,64,0.33398,3.4551,-0.76953,-2.0076,29
983,64,0.33789,3.5039,-0.73047,-2.0076,38
983,64,0.33984,3.5117,-0.86133,-2.0076,24
983,64,0.097656,1.5469,0.048828,-1.673,37
983,64,0.099609,1.582,0.11914,-1.673,48
983,64,0.15234,1.6172,0.097656,-1.673,33
983,64,0,1.6621,-0.10547,-1.673,16
983,64,0,1.6504,-0.41992,-1.673,15
983,64,0.34766,1.793,-0.32227,-1.673,53
983,64,0.41406,1.8105,-0.35938,-1.673,168
983,64,0.42188,1.8398,-0.4043,-1.673,280
983,64,0.36914,1.8809,-0.44336,-1.673,246
983,64,0.43945,1.8984,-0.4707,-1.673,109
983,64,0.44727,1.9199,-0.5332,-1.673,24
983,64,0.33789,3.5332,-0.57227,-1.673,21
983,64,0.048828,1.543,-0.14844,-1.3384,18
983,64,0,1.5586,-0.30859,-1.3384,26
983,64,0.050781,1.5781,-0.39063,-1.3384,22
983,64,0,1.6113,-0.41797,-1.3384,46
983,64,0,1.6621,-0.36719,-1.3384,88
983,64,0.10938,1.7305,-0.15625,-1.3384,105
983,64,0.22266,1.7109,-0.42773,-1.3384,282
983,64,0.22656,1.7324,-0.49414,-1.3384,399
983,64,0.28906,1.7813,-0.42188,-1.3384,216
983,64,0.41406,1.8359,-0.1875,-1.3384,473
983,64,0.36133,1.877,-0.26758,-1.3384,752
983,64,0.42969,1.8945,-0.30664,-1.3384,599
983,64,0.43945,1.9258,-0.34766,-1.3384,237
983,64,0.38281,1.9551,-0.45703,-1.3384,51
983,64,0.48633,5.0332,-1.1426,-1.3384,26
983,64,0.65234,5.0977,-0.91797,-1.3384,34
983,64,0.6582,5.0371,-1.3633,-1.3384,21
983,64,0.048828,1.5879,-0.0625,-1.0038,16
983,64,0,1.6074,-0.25,-1.0038,18
983,64,-0.052734,1.6387,-0.28906,-1.0038,62
983,64,0,1.6816,-0.27148,-1.0038,123
984,64,-0.17969,1.4004,0.26953,0,9
984,64,-0.18359,1.4512,0.18945,0,9
984,64,-0.10547,1.2832,-1.1133,0,17
984,64,0.2168,1.7266,-0.0058594,0,26
984,64,0,1.7656,0.20898,0,21
984,64,0.39648,1.7715,-0.054688,0,41
984,64,0.34766,1.8203,-0.042969,0,35
984,64,-0.10547,1.4824,-0.83008,0.33461,10
984,64,0.16406,1.7324,0.019531,0.33461,19
984,64,0,1.7598,0.25391,0.33461,13
984,64,0.33984,1.7813,0.099609,0.33461,21
984,64,0.34766,1.8125,0.16602,0.33461,19
984,64,-0.78125,6.1875,-0.26953,0.33461,24
984,64,-0.58789,6.2402,-0.38867,0.33461,36
984,64,-0.5918,6.2754,-0.43555,0.33461,24
984,64,0.37305,1.248,-1.0957,-2.3422,12
984,64,0.3125,3.2266,-0.76172,-2.3422,27
984,64,0.31641,3.2676,-0.75195,-2.3422,39
984,64,0.31836,3.293,-0.80469,-2.3422,29
984,64,0.68359,7.0664,-1.7051,-2.3422,18
984,64,0.41602,1.4531,-0.69727,-2.0076,28
984,64,0.33984,1.7051,-0.52148,-2.0076,17
984,64,0.34766,1.7617,-0.46289,-2.0076,17
984,64,0.20898,3.2695,-0.58789,-2.0076,25
984,64,0.31641,3.3105,-0.52734,-2.0076,34
984,64,0.42578,3.3262,-0.5957,-2.0076,26
984,64,-0.087891,1.3926,-0.11133,-1.673,25
984,64,-0.044922,1.4297,-0.15039,-1.673,59
984,64,-0.046875,1.4629,-0.19336,-1.673,78
984,64,0,1.4902,-0.26563,-1.673,55
984,64,0,1.5098,-0.35742,-1.673,36
984,64,0,1.5234,-0.45117,-1.673,30
984,64,0.10547,0.73828,1.5293,-1.673,58
984,64,0.10938,1.4063,-1.0195,-1.673,102
984,64,0.27734,1.6367,-0.63477,-1.673,120
984,64,0.45313,1.6484,-0.61133,-1.673,125
984,64,0.52148,1.6406,-0.68945,-1.673,74
984,64,0.5918,1.5723,-0.86914,-1.673,17
984,64,-0.12695,1.3555,-0.035156,-1.3384,16
984,64,-0.087891,1.3965,-0.052734,-1.3384,70
984,64,-0.089844,1.4316,-0.082031,-1.3384,149
984,64,-0.046875,1.4688,-0.12305,-1.3384,169
984,64,-0.046875,1.502,-0.17383,-1.3384,112
984,64,-0.048828,1.5273,-0.26758,-1.3384,73
984,64,-0.048828,1.5488,-0.35156,-1.3384,62
984,64,0.10352,0.41797,-1.6074,-1.3384,92
984,64,0.10547,1.1719,-1.2305,-1.3384,185
984,64,0.27148,1.5586,-0.72656,-1.3384,269
984,64,0.33398,1.6152,-0.66406,-1.3384,301
984,64,0.45313,1.6973,-0.46289,-1.3384,490
984,64,0.46289,1.7344,-0.45898,-1.3384,371
984,64,0.53125,1.748,-0.49219,-1.3384,110
984,64,0.79883,5.043,-0.14648,-1.3384,28
984,64,-1.7383,5.5391,5.4238,-1.3384,33
984,64,-0.12695,1.3555,0.048828,-1.0038,13
984,64,-0.087891,1.3965,-0.015625,-1.0038,66
984,64,-0.089844,1.4336,-0.044922,-1.0038,139
984,64,-0.091797,1.4707,-0.074219,-1.0038,140
984,64,-0.046875,1.5078,-0.10742,-1.0038,80
984,64,-0.048828,1.5391,-0.18945,-1.0038,46
984,64,-0.099609,1.5664,-0.24414,-1.0038,40
984,64,0.31836,1.6094,-0.45703,-1.0038,271
984,64,0.27148,1.6699,-0.41016,-1.0038,451
984,64,0.33398,1.666,-0.52734,-1.0038,360
