Frame #,# Obj,X,Y,Z,Doppler,Intensity
210,9,0,4.5332,0.25977,0,12
210,9,0,4.5723,0.24023,0,20
210,9,0,4.6133,0.14648,0,14
210,9,0,4.5684,-0.28711,-0.66921,15
210,9,0.14453,4.5879,-0.49219,-0.66921,13
210,9,0,4.5391,0.095703,-0.33461,16
210,9,0,4.5781,-0.0078125,-0.33461,30
210,9,0,4.6055,-0.32031,-0.33461,26
210,9,0.14453,4.6348,-0.38672,-0.33461,13
211,17,0.2832,4.5117,0.42383,0.33461,11
211,17,0.28516,4.5605,0.27344,0.33461,17
211,17,0.28906,4.5918,0.36914,0.33461,15
211,17,0,4.4785,-0.46094,-1.3384,13
211,17,0,4.5156,-0.46484,-1.3384,13
211,17,0,4.4648,-0.068359,-1.0038,15
211,17,0,4.502,-0.10156,-1.0038,37
211,17,0,4.5352,-0.20508,-1.0038,39
211,17,0,4.5566,-0.42969,-1.0038,17
211,17,0,4.6797,-0.32617,-1.0038,15
211,17,0,4.498,0.17383,-0.66921,28
211,17,0,4.5371,0.16211,-0.66921,28
211,17,0,4.6855,-0.21484,-0.66921,27
211,17,0,4.709,-0.42773,-0.66921,29
211,17,0,4.6855,-0.23438,-0.33461,19
211,17,0,4.7168,-0.35547,-0.33461,26
211,17,0,4.752,-0.37695,-0.33461,20
212,19,0.14453,4.6133,0.076172,0,16
212,19,0.14453,4.6504,0.125,0,26
212,19,0,4.6895,0.097656,0,22
212,19,0.14453,4.6074,-0.25391,0.33461,20
212,19,0.14453,4.6504,0.097656,0.33461,17
212,19,0,4.3496,-0.13086,-1.673,13
212,19,0,4.3789,-0.28516,-1.673,41
212,19,0,4.416,-0.30078,-1.673,50
212,19,0,4.4395,-0.46875,-1.673,26
212,19,0,4.3496,0.085938,-1.3384,27
212,19,0,4.3887,0.048828,-1.3384,83
212,19,0,4.4258,-0.041016,-1.3384,102
212,19,0.13867,4.4609,-0.10938,-1.3384,55
212,19,0,4.3379,0.33984,-1.0038,16
212,19,0,4.377,0.32617,-1.0038,50
212,19,0,4.4199,0.23242,-1.0038,61
212,19,0,4.4629,0.089844,-1.0038,34
212,19,0,4.6543,-0.027344,-0.33461,27
212,19,0,4.6875,-0.20703,-0.33461,24
213,19,0,4.6035,0.3418,0,18
213,19,0,4.6504,0.18945,0,17
213,19,0.14648,4.6895,0.0039063,0,14
213,19,0.43555,4.6172,-0.38672,0.33461,20
213,19,0.43945,4.6699,-0.011719,0.33461,21
213,19,0,4.2559,-0.40234,-1.673,17
213,19,0,4.3086,-0.18359,-1.673,13
213,19,0,4.2344,0.16406,-1.3384,24
213,19,0,4.2754,0.0078125,-1.3384,39
213,19,0,4.3125,0,-1.3384,30
213,19,0,4.3418,0.2793,-1.3384,14
213,19,0,4.2188,0.39844,-1.0038,17
213,19,0,4.2637,0.32617,-1.0038,27
213,19,0,4.3047,0.27148,-1.0038,22
213,19,0.14453,4.5977,-0.38086,-0.66921,28
213,19,0.14453,4.625,-0.48633,-0.66921,22
213,19,0,4.5352,0.62109,-0.33461,17
213,19,0,4.6152,-0.082031,-0.33461,42
213,19,0.14453,4.6367,-0.375,-0.33461,38
214,11,0.14453,4.6035,0.30664,0.33461,17
214,11,0.29102,4.6367,0.26563,0.33461,27
214,11,0.29297,4.6797,0.14453,0.33461,21
214,11,0,4.1543,-0.26172,-1.3384,14
214,11,0,4.1914,-0.24805,-1.3384,13
214,11,0,4.123,0,-1.0038,19
214,11,0,4.1602,-0.09375,-1.0038,40
214,11,0,4.1973,-0.12891,-1.0038,34
214,11,0,4.1152,0.25977,-0.66921,16
214,11,0,4.1582,0.1875,-0.66921,32
214,11,0.13086,4.1973,0.091797,-0.66921,24
215,7,0,4.5391,-0.078125,0,17
215,7,0,4.5684,-0.30078,0,14
215,7,0,4.4785,-0.75,-0.66921,18
215,7,0,4.123,0.058594,-0.33461,13
215,7,0,4.1621,-0.060547,-0.33461,14
215,7,0.14258,4.5059,-0.5332,-0.33461,39
215,7,0.14258,4.5156,-0.73242,-0.33461,34
242,2,0,4.541,0,0,8
242,2,0.2832,4.5059,0.4707,0.33461,15
243,12,0,4.4727,0.51367,0,9
243,12,0,4.5254,0.36914,0,10
243,12,0.28125,4.4941,0.035156,0.33461,14
243,12,0.2832,4.5313,0.021484,0.33461,29
243,12,0.28516,4.5684,-0.083984,0.33461,31
243,12,0.14453,4.6133,-0.072266,0.33461,16
243,12,0,4.498,-0.17773,-0.66921,17
243,12,0,4.5234,-0.38281,-0.66921,24
243,12,0,4.5156,-0.75195,-0.66921,15
243,12,0,4.502,-0.054688,-0.33461,24
243,12,0.14258,4.5293,-0.26563,-0.33461,39
243,12,0.14258,4.5508,-0.48438,-0.33461,29
244,19,0,4.3984,0.76758,0,9
244,19,0.2832,4.5273,0.16992,0.33461,19
244,19,0.14258,4.5449,0.52344,0.33461,18
244,19,0.14453,4.6113,0.11719,0.33461,20
244,19,0.14453,4.6484,-0.17969,0.33461,14
244,19,0,4.4258,-0.10742,-1.0038,27
244,19,0,4.4609,-0.1543,-1.0038,45
244,19,0,4.4922,-0.29297,-1.0038,34
244,19,0,4.5332,-0.23242,-1.0038,16
244,19,0,4.4238,0.15625,-0.66921,27
244,19,0,4.4648,0.042969,-0.66921,45
244,19,0,4.502,0.011719,-0.66921,34
244,19,0,4.5371,-0.17773,-0.66921,15
244,19,0,4.6504,-0.17188,-0.66921,35
244,19,0.14648,4.6777,-0.32227,-0.66921,34
244,19,0,4.6152,-0.029297,-0.33461,19
244,19,0,4.6543,-0.039063,-0.33461,34
244,19,0.14648,4.6855,-0.16602,-0.33461,37
244,19,0.14844,4.7148,-0.3418,-0.33461,23
245,24,0.2832,4.5293,0.10156,0,13
245,24,0.28516,4.5684,-0.056641,0,12
245,24,0,4.6094,0.23047,0,14
245,24,0.14453,4.6465,0.20898,0,16
245,24,0.28125,4.4805,0.34766,0.33461,15
245,24,0.14258,4.5195,0.4043,0.33461,37
245,24,0.28516,4.5508,0.4043,0.33461,44
245,24,0.14453,4.5996,0.34766,0.33461,23
245,24,0,4.5176,0.45313,0.66921,14
245,24,0.14258,4.5215,0.70508,0.66921,17
245,24,0,4.3516,0.044922,-1.3384,17
245,24,0,4.3887,-0.027344,-1.3384,22
245,24,0,4.4121,-0.3457,-1.3384,21
245,24,0,4.459,-0.20117,-1.3384,15
245,24,0,4.3184,0.52734,-1.0038,17
245,24,-0.13672,4.3789,0.25781,-1.0038,23
245,24,0,4.4238,0.17773,-1.0038,21
245,24,0,4.4648,-0.013672,-1.0038,15
245,24,0.14258,4.5742,-0.13281,-0.66921,29
245,24,0,4.6035,-0.33398,-0.66921,32
245,24,0.14258,4.5352,-0.18164,-0.33461,18
245,24,0.14258,4.5742,-0.11523,-0.33461,37
245,24,0.14453,4.6113,-0.14844,-0.33461,44
245,24,0,4.6387,-0.36523,-0.33461,31
246,18,0.28516,4.5684,0.072266,0,12
246,18,0.14453,4.6133,-0.033203,0,13
246,18,0.14258,4.5371,-0.0039063,0.33461,30
246,18,0.28516,4.5684,0.10742,0.33461,41
246,18,0.28906,4.6055,-0.10352,0.33461,27
246,18,0,4.1934,-0.21484,-1.3384,16
246,18,0,4.2305,-0.23242,-1.3384,34
246,18,0,4.2578,-0.37891,-1.3384,31
246,18,0,4.1973,0.11523,-1.0038,26
246,18,0,4.2363,0.035156,-1.0038,54
246,18,0,4.2734,-0.11523,-1.0038,51
246,18,0,4.3086,-0.17969,-1.0038,24
246,18,0,4.2188,0.38867,-0.66921,27
246,18,0,4.2715,0.19336,-0.66921,25
246,18,0.2832,4.4863,-0.63086,-0.33461,23
246,18,0.28516,4.5137,-0.70508,-0.33461,23
246,18,0,4.6133,-0.61133,-0.33461,17
246,18,0,4.6582,-0.55078,-0.33461,18
247,16,0,4.6152,0,0,10
247,16,0,4.6523,0.13086,0,14
247,16,0.14648,4.6875,-0.10352,0,10
247,16,0.14258,4.5723,0.16992,0.33461,23
247,16,0.28906,4.6035,0.19336,0.33461,22
247,16,0,4.1543,-0.24023,-1.0038,19
247,16,0,4.1816,-0.38672,-1.0038,17
247,16,0,4.123,-0.082031,-0.66921,16
247,16,0,4.1621,-0.039063,-0.66921,34
247,16,0,4.1992,-0.082031,-0.66921,35
247,16,0,4.2363,-0.12695,-0.66921,20
247,16,0,4.1563,0.22852,-0.33461,20
247,16,0,4.1895,0.2793,-0.33461,24
247,16,0,4.2344,0.16211,-0.33461,16
247,16,0.14258,4.5625,-0.35352,-0.33461,26
247,16,0.14453,4.6016,-0.32227,-0.33461,21
248,14,0,4.0566,0.48242,0,20
248,14,0,4.1035,0.39844,0,26
248,14,0,4.1367,0.44727,0,15
248,14,0,4.4063,-1.0957,0,11
248,14,0.28906,4.6055,-0.10352,0.33461,15
248,14,0.29102,4.6328,-0.32617,0.33461,14
248,14,0,4.084,-0.11719,-0.66921,25
248,14,0,4.1191,-0.21094,-0.66921,31
248,14,0,4.1563,-0.22852,-0.66921,18
248,14,0,4.0371,0.29297,-0.33461,13
248,14,0,4.082,0.19336,-0.33461,39
248,14,0,4.123,0.095703,-0.33461,48
248,14,0,4.1621,-0.033203,-0.33461,30
248,14,0,4.1973,-0.15234,-0.33461,12
249,4,0,4.0762,0.28516,0,13
249,4,0,4.0449,0.16016,-0.33461,18
249,4,0,4.0859,0.072266,-0.33461,25
249,4,0,4.123,-0.070313,-0.33461,17
277,7,0,4.4941,0.64453,0.33461,13
277,7,0.14258,4.5527,0.45313,0.33461,17
277,7,0.14453,4.5918,0.45117,0.33461,13
277,7,0,4.5332,-0.26172,-0.66921,17
277,7,0,4.5391,0.042969,-0.33461,21
277,7,0.14258,4.5742,-0.070313,-0.33461,17
277,7,0.14648,4.6719,-0.39844,-0.33461,18
278,23,0.14258,4.5371,-0.0019531,0,11
278,23,0,4.5781,0,0,15
278,23,0.14453,4.6074,-0.25195,0,14
278,23,0,4.6523,0.066406,0,10
278,23,0.14648,4.6875,-0.12305,0,10
278,23,0.14258,4.5195,0.41211,0.33461,30
278,23,0.28516,4.5625,0.25195,0.33461,49
278,23,0.28906,4.6055,0.085938,0.33461,41
278,23,0.43555,4.6309,0.13086,0.33461,23
278,23,0.14258,4.5352,0.60742,0.66921,18
278,23,0.14453,4.6094,0.19336,0.66921,15
278,23,0,4.4434,-0.43945,-1.3384,15
278,23,0,4.4238,-0.14453,-1.0038,20
278,23,0,4.4609,-0.15039,-1.0038,31
278,23,0,4.502,-0.070313,-1.0038,20
278,23,0,4.4238,0.16992,-0.66921,11
278,23,0,4.457,0.25195,-0.66921,18
278,23,0,4.4941,0.25781,-0.66921,13
278,23,0.14258,4.5371,-0.083984,-0.33461,13
278,23,0.42969,4.5332,-0.47852,-0.33461,22
278,23,0.28906,4.5527,-0.70117,-0.33461,18
278,23,0,4.6445,-0.2832,-0.33461,15
278,23,0,4.6895,-0.15625,-0.33461,17
279,15,0.14258,4.5156,0.44336,0.33461,25
279,15,0.14258,4.5703,0.20703,0.33461,39
279,15,0.28906,4.6055,0.087891,0.33461,37
279,15,0.43555,4.6328,-0.015625,0.33461,30
279,15,0.43945,4.6699,-0.082031,0.33461,21
279,15,0,4.3066,0.25195,-1.3384,15
279,15,0,4.3516,0,-1.3384,24
279,15,0,4.3828,-0.24414,-1.3384,21
279,15,0,4.3379,0.33984,-1.0038,18
279,15,0,4.3848,0.19141,-1.0038,17
279,15,0.14258,4.5137,-0.47266,-0.33461,17
279,15,0.14258,4.5586,-0.39648,-0.33461,28
279,15,0.14453,4.5957,-0.41406,-0.33461,27
279,15,0.14453,4.6406,-0.31641,-0.33461,26
279,15,0.14648,4.6836,-0.23242,-0.33461,21
280,7,0.14453,4.6504,0.013672,0.33461,16
280,7,0,4.2246,-0.32227,-1.3384,16
280,7,0,4.1992,0,-1.0038,18
280,7,0,4.2363,-0.060547,-1.0038,22
280,7,0.14453,4.5898,-0.46875,-0.33461,16
280,7,0.14453,4.6367,-0.36719,-0.33461,23
280,7,0.29297,4.6582,-0.48242,-0.33461,20
281,9,0.14258,4.5566,0.4082,0.33461,17
281,9,0,4.5996,0.38672,0.33461,17
281,9,0.29102,4.6406,0.17578,0.33461,17
281,9,0.29297,4.6816,0.064453,0.33461,19
281,9,0,4.1191,-0.20117,-1.0038,13
281,9,0,4.123,-0.0097656,-0.66921,23
281,9,0,4.1602,-0.082031,-0.66921,20
281,9,0.14453,4.5938,-0.41797,-0.33461,28
281,9,0.14453,4.6328,-0.4082,-0.33461,26
282,8,0,4.0742,0.31836,0,8
282,8,0,4.1211,0.16406,0,8
282,8,0.14258,4.5723,-0.18359,0.33461,16
282,8,0.14453,4.6094,-0.17969,0.33461,17
282,8,0.29102,4.6172,-0.5,0.33461,15
282,8,0.29297,4.6816,0,0.33461,14
282,8,0,4.0859,0,-0.33461,16
282,8,0,4.123,0.087891,-0.33461,16
283,2,0.14258,4.5176,-0.72266,-0.33461,16
283,2,0.14453,4.5605,-0.70313,-0.33461,13
310,5,0.14258,4.5352,0.15625,0.33461,15
310,5,0.14258,4.5742,0.11914,0.33461,16
310,5,0.14453,4.6133,0.052734,0.33461,12
310,5,0,4.5,-0.15039,-0.66921,17
310,5,0,4.498,0.17383,-0.33461,18
311,22,0,4.6484,0.21875,0,30
311,22,0,4.6895,0.10156,0,35
311,22,0,4.7285,0.10938,0,18
311,22,0.2832,4.5273,0.16016,0.33461,31
311,22,0.28516,4.5684,0.017578,0.33461,35
311,22,0.28906,4.5859,-0.44336,0.33461,13
311,22,0,4.4063,-0.71289,-1.3384,11
311,22,0,4.4238,-0.17969,-1.0038,29
311,22,0,4.457,-0.25586,-1.0038,46
311,22,0,4.4805,-0.44922,-1.0038,32
311,22,0,4.4219,0.22266,-0.66921,30
311,22,0,4.4629,0.082031,-0.66921,48
311,22,0,4.502,-0.03125,-0.66921,34
311,22,0,4.6445,-0.2832,-0.66921,38
311,22,0,4.6699,-0.44531,-0.66921,41
311,22,0,4.6953,-0.56641,-0.66921,19
311,22,0.2832,4.5098,-0.43359,-0.33461,20
311,22,0.14258,4.5566,-0.41992,-0.33461,22
311,22,0,4.6152,-0.091797,-0.33461,26
311,22,0.14453,4.6504,-0.10938,-0.33461,66
311,22,0.14648,4.6836,-0.21875,-0.33461,72
311,22,0,4.7148,-0.35742,-0.33461,35
312,15,0,4.5313,-0.28516,0.33461,16
312,15,0.14258,4.5742,-0.070313,0.33461,26
312,15,0.28906,4.6074,0.039063,0.33461,28
312,15,0.14453,4.6426,0.29688,0.33461,23
312,15,0,4.3359,-0.36328,-1.3384,21
312,15,0,4.3672,-0.4375,-1.3384,20
312,15,0,4.3125,-0.0058594,-1.0038,21
312,15,0,4.3496,-0.066406,-1.0038,47
312,15,0,4.3887,-0.09375,-1.0038,45
312,15,0,4.4219,-0.19141,-1.0038,18
312,15,0,4.3457,0.20703,-0.66921,30
312,15,0,4.3848,0.20313,-0.66921,29
312,15,0.28516,4.5313,-0.5918,-0.33461,22
312,15,0.14453,4.5859,-0.49414,-0.33461,32
312,15,0.29102,4.6211,-0.45508,-0.33461,30
313,11,0,4.6504,0.14844,0,10
313,11,0.14258,4.5762,-0.041016,0.33461,17
313,11,0.14453,4.6113,-0.12695,0.33461,21
313,11,0.29102,4.6445,-0.060547,0.33461,22
313,11,0.43945,4.6699,0.027344,0.33461,17
313,11,0,4.2754,-0.080078,-1.0038,12
313,11,0,4.4805,-1.2598,-0.66921,18
313,11,0.14258,4.5078,-0.7832,-0.33461,15
313,11,0.14453,4.5898,-0.46875,-0.33461,31
313,11,0.14453,4.6211,-0.53711,-0.33461,38
313,11,0.14648,4.6504,-0.60742,-0.33461,26
314,16,0,4.5664,-0.31836,0,21
314,16,0.14453,4.6094,-0.18359,0,23
314,16,0.29102,4.6445,-0.0078125,0.33461,38
314,16,0.29297,4.6816,-0.050781,0.33461,45
314,16,0.44336,4.709,-0.054688,0.33461,28
314,16,0.29102,4.6309,0.35352,0.66921,14
314,16,0.43945,4.666,0.19141,0.66921,17
314,16,0,4.1582,-0.16992,-1.0038,18
314,16,0,4.1934,-0.21484,-1.0038,20
314,16,0,4.1582,0.17773,-0.66921,22
314,16,0,4.1992,0.10352,-0.66921,25
314,16,0,4.2383,0.023438,-0.66921,16
314,16,0.29102,4.5762,-0.79102,-0.66921,21
314,16,0.14453,4.5664,-0.6582,-0.33461,48
314,16,0.14453,4.6289,-0.44727,-0.33461,54
314,16,0.29297,4.666,-0.39648,-0.33461,43
315,8,0,4.5723,0.24023,0.33461,15
315,8,0.14453,4.6055,0.26953,0.33461,14
315,8,0.14453,4.6484,0.15234,0.33461,14
315,8,0.14648,4.6875,-0.125,0.33461,11
315,8,0,4.0742,0.29883,-0.33461,12
315,8,0,4.123,0.082031,-0.33461,15
315,8,0.14453,4.6074,-0.24414,-0.33461,20
315,8,0.14453,4.6113,-0.60156,-0.33461,19
316,1,0.14258,4.457,-0.85156,-0.33461,13
318,1,0.14258,4.5625,-0.34375,0.33461,13
341,2,0.14258,4.5664,-0.30469,-0.33461,17
341,2,0,4.5996,-0.39258,-0.33461,14
342,1,0,4.5723,-0.24023,-0.33461,12
343,6,0,4.4941,0.25781,0,10
343,6,0,4.5391,-0.015625,0,14
343,6,0,4.5762,-0.13867,0,9
343,6,0,4.502,-0.087891,-0.33461,18
343,6,0,4.5371,-0.17188,-0.33461,25
343,6,0,4.5664,-0.32422,-0.33461,14
344,3,0.14258,4.5195,0.41406,0.33461,12
344,3,0,4.4902,-0.33789,-0.66921,14
344,3,0,4.502,-0.095703,-0.33461,15
345,12,0.2832,4.5215,0.28906,0.33461,22
345,12,0.28516,4.5664,0.13672,0.33461,29
345,12,0.28906,4.6055,0.070313,0.33461,15
345,12,0,4.4238,-0.13086,-1.0038,27
345,12,0,4.4551,-0.29102,-1.0038,35
345,12,0.14063,4.4883,-0.32617,-1.0038,23
345,12,0,4.4258,0.064453,-0.66921,34
345,12,0,4.4648,0.033203,-0.66921,44
345,12,0,4.502,-0.054688,-0.66921,28
345,12,-0.13867,4.459,0.17773,-0.33461,14
345,12,0.42578,4.4844,-0.56836,-0.33461,12
345,12,0.42969,4.5293,-0.51367,-0.33461,19
346,15,0.28516,4.5684,-0.10352,0.33461,15
346,15,0.28906,4.6055,0.095703,0.33461,25
346,15,0.29102,4.6445,0.027344,0.33461,28
346,15,0.43945,4.6699,-0.070313,0.33461,18
346,15,0,4.3457,-0.21094,-1.3384,18
346,15,0.13672,4.3828,-0.19531,-1.3384,18
346,15,0,4.3496,0.072266,-1.0038,30
346,15,0,4.3887,0.011719,-1.0038,28
346,15,0,4.4199,-0.25391,-1.0038,16
346,15,0,4.3418,0.29102,-0.66921,14
346,15,0,4.3711,0.39063,-0.66921,13
346,15,0.14258,4.5469,-0.52148,-0.33461,18
346,15,0.14453,4.6035,-0.31055,-0.33461,31
346,15,0.29102,4.6289,-0.37891,-0.33461,33
346,15,0.29297,4.6699,-0.32617,-0.33461,25
347,5,0.14258,4.5586,-0.39844,0,12
347,5,0,4.5684,-0.30273,-0.33461,21
347,5,0.14453,4.5918,-0.44727,-0.33461,24
347,5,0.14453,4.6191,-0.54297,-0.33461,22
347,5,0.29297,4.6445,-0.59766,-0.33461,19
348,8,0,4.5781,0,0,13
348,8,0.28516,4.5684,0.10352,0.33461,16
348,8,0.14453,4.6133,0.080078,0.33461,14
348,8,0,4.1172,-0.24805,-1.0038,15
348,8,0,4.1582,-0.1543,-1.0038,21
348,8,0,4.123,-0.048828,-0.66921,19
348,8,0,4.1621,0.017578,-0.66921,26
348,8,0,4.1992,-0.078125,-0.66921,16
349,12,0,4.123,0,0,7
349,12,0,4.5781,-0.046875,0,12
349,12,0.14453,4.6133,0.072266,0,14
349,12,0,4.5762,0.089844,0.33461,15
349,12,0,4.6152,0.042969,0.33461,17
349,12,0.14453,4.6504,-0.021484,0.33461,15
349,12,0,4.5723,-0.63477,-0.66921,13
349,12,0,4.084,-0.10742,-0.33461,13
349,12,0,4.123,-0.11523,-0.33461,13
349,12,0,4.543,-0.56055,-0.33461,32
349,12,0.14453,4.5957,-0.41406,-0.33461,39
349,12,0.14453,4.6328,-0.4082,-0.33461,30
372,3,0,4.5781,0,0.33461,10
372,3,0.14258,4.4902,-0.65625,-0.33461,12
372,3,0.28516,4.5566,-0.33203,-0.33461,14
375,6,0,4.5391,-0.046875,0,8
375,6,0.14258,4.5371,0.044922,0.33461,12
375,6,0.14258,4.5742,0.10742,0.33461,10
375,6,0,4.4961,-0.24219,-0.33461,14
375,6,0,4.5332,-0.24023,-0.33461,24
375,6,0.14258,4.5586,-0.38477,-0.33461,17
376,15,0,4.457,0.24805,0,17
376,15,0,4.4961,0.22656,0,38
376,15,0,4.5391,0.11328,0,38
376,15,0,4.5781,0.046875,0,18
376,15,0.14453,4.6133,0.068359,0.33461,15
376,15,0.14453,4.6484,0.16211,0.33461,16
376,15,0,4.4375,-0.49805,-0.66921,19
376,15,0,4.4824,-0.42188,-0.66921,42
376,15,0,4.5176,-0.44922,-0.66921,42
376,15,0.14258,4.541,-0.55664,-0.66921,23
376,15,0,4.4648,-0.050781,-0.33461,32
376,15,0,4.5,-0.13281,-0.33461,70
376,15,0,4.5352,-0.19531,-0.33461,73
376,15,0,4.5664,-0.33594,-0.33461,42
376,15,0.28906,4.5859,-0.42773,-0.33461,22
377,11,0.2832,4.5039,0.50391,0.33461,15
377,11,0.42969,4.5527,0.20313,0.33461,11
377,11,0,4.4199,-0.23242,-1.0038,22
377,11,0,4.4551,-0.2793,-1.0038,25
377,11,0,4.502,-0.099609,-1.0038,14
377,11,0,4.4258,0.039063,-0.66921,32
377,11,0,4.4648,0.03125,-0.66921,35
377,11,0,4.5,0.1582,-0.66921,19
377,11,0,4.5332,-0.23242,-0.66921,17
377,11,0,4.4453,0.41797,-0.33461,11
377,11,0.14258,4.5273,-0.30078,-0.33461,12
378,22,0.14258,4.5371,-0.035156,0,10
378,22,0.14258,4.5664,-0.29492,0,14
378,22,0.14453,4.6113,-0.13477,0,11
378,22,0.14063,4.5,0.070313,0.33461,12
378,22,0.2832,4.5293,0.15039,0.33461,41
378,22,0.28516,4.5684,0.11719,0.33461,56
378,22,0.28906,4.6074,-0.041016,0.33461,34
378,22,0.29102,4.6445,-0.03125,0.33461,12
378,22,0.14258,4.5176,0.41992,0.66921,14
378,22,0.14258,4.5605,0.36133,0.66921,19
378,22,0.13672,4.3438,-0.21094,-1.3384,18
378,22,0,4.375,-0.3418,-1.3384,19
378,22,0,4.3125,0.11328,-1.0038,13
378,22,0,4.3516,0,-1.0038,32
378,22,0,4.3887,-0.085938,-1.0038,35
378,22,0.13867,4.4102,-0.34961,-1.0038,20
378,22,0,4.332,0.41406,-0.66921,18
378,22,0,4.3867,0.13281,-0.66921,20
378,22,0.2832,4.5137,-0.39453,-0.33461,24
378,22,0.28516,4.5508,-0.39844,-0.33461,32
378,22,0.43359,4.5664,-0.51953,-0.33461,17
378,22,-1.2988,1.4844,4.1738,-0.33461,9
379,10,0.14258,4.5371,0.019531,0.33461,11
379,10,0.14258,4.5742,0.099609,0.33461,17
379,10,0.28906,4.6055,0.054688,0.33461,12
379,10,0.29102,4.6348,0.29688,0.33461,12
379,10,0,4.2383,0.021484,-1.0038,16
379,10,0,4.2695,-0.20898,-1.0038,18
379,10,0,4.293,-0.41016,-1.0038,14
379,10,0,4.2676,0.24609,-0.66921,15
379,10,0.14258,4.5215,-0.70898,-0.33461,21
379,10,0.14453,4.5684,-0.63867,-0.33461,21
380,5,0.14453,4.5977,0.38867,0.33461,16
380,5,0.29102,4.6406,0.17578,0.33461,24
380,5,0.43945,4.6699,0.085938,0.33461,20
380,5,0,4.1992,0.035156,-0.66921,17
380,5,0,4.2363,0.11719,-0.66921,14
381,8,0,4.1211,0.16406,0,8
381,8,0.14258,4.5605,0.375,0.33461,17
381,8,0.14453,4.6074,0.23438,0.33461,15
381,8,0,4.0781,-0.25586,-0.66921,10
381,8,0,4.123,-0.085938,-0.66921,13
381,8,0,4.084,0.099609,-0.33461,13
381,8,0,4.123,0.0078125,-0.33461,17
381,8,0,4.1602,-0.09375,-0.33461,14
409,5,0,4.5313,0.28906,0,12
409,5,0,4.5371,-0.16016,-0.33461,26
409,5,0,4.5684,-0.29883,-0.33461,25
409,5,0.14453,4.6348,-0.38281,-0.33461,18
409,5,0,4.6699,-0.45703,-0.33461,16
410,16,0,4.6523,-0.13867,0,11
410,16,0.14453,4.6094,-0.21094,0.33461,22
410,16,0.29102,4.6406,-0.19922,0.33461,22
410,16,0,4.4648,0.033203,-0.66921,14
410,16,0,4.5,-0.13281,-0.66921,26
410,16,0,4.5313,-0.28906,-0.66921,25
410,16,0,4.5508,-0.50391,-0.66921,17
410,16,0,4.5762,-0.59961,-0.66921,15
410,16,0.14453,4.6035,-0.66211,-0.66921,18
410,16,0,4.502,0.091797,-0.33461,17
410,16,0,4.5391,-0.083984,-0.33461,16
410,16,0.14258,4.5293,-0.65625,-0.33461,16
410,16,0.14453,4.5605,-0.70313,-0.33461,27
410,16,0.14453,4.627,-0.48438,-0.33461,34
410,16,0.14648,4.6738,-0.36719,-0.33461,23
410,16,0,4.7656,-0.10352,-0.33461,17
411,14,0.14258,4.5215,0.38281,0.33461,14
411,14,0.28516,4.5605,0.27539,0.33461,22
411,14,0.28906,4.6035,0.18164,0.33461,14
411,14,0,4.4082,-0.40625,-1.3384,22
411,14,0,4.4238,-0.60547,-1.3384,17
411,14,0,4.3887,-0.019531,-1.0038,29
411,14,0,4.4238,-0.13281,-1.0038,52
411,14,0,4.4551,-0.29883,-1.0038,40
411,14,0,4.3809,0.26563,-0.66921,19
411,14,-0.13867,4.4219,0.13867,-0.66921,35
411,14,0,4.4648,-0.046875,-0.66921,28
411,14,0.14258,4.5723,-0.19922,-0.33461,15
411,14,0,4.6152,-0.060547,-0.33461,20
411,14,0,4.6387,-0.36523,-0.33461,19
412,21,0,4.5625,0.38477,0.33461,21
412,21,0.28906,4.6055,0.13281,0.33461,24
412,21,0,4.6523,0.076172,0.33461,17
412,21,0,4.3047,-0.26758,-1.3384,32
412,21,0,4.3379,-0.33984,-1.3384,33
412,21,0,4.375,-0.33398,-1.3384,16
412,21,0,4.2715,0.18359,-1.0038,21
412,21,0,4.3125,0.042969,-1.0038,48
412,21,0,4.3516,-0.0039063,-1.0038,52
412,21,0,4.3867,-0.11328,-1.0038,26
412,21,0,4.5645,-0.34766,-1.0038,15
412,21,0,4.3027,0.31055,-0.66921,22
412,21,0,4.3418,0.26758,-0.66921,24
412,21,0,4.3887,-0.015625,-0.66921,14
412,21,0,4.5605,-0.40039,-0.66921,21
412,21,0,4.5879,-0.50391,-0.66921,24
412,21,0,4.6367,-0.39453,-0.66921,18
412,21,0.14258,4.5645,-0.32617,-0.33461,32
412,21,0.28906,4.5918,-0.38086,-0.33461,43
412,21,0.14453,4.6309,-0.43164,-0.33461,35
412,21,0,4.666,-0.48047,-0.33461,19
413,12,0,4.6133,0.1582,0,17
413,12,0,4.6426,0.30469,0,14
413,12,0,4.1992,-0.058594,-1.0038,14
413,12,0,4.2363,-0.11719,-1.0038,25
413,12,0.13281,4.2695,-0.18164,-1.0038,20
413,12,0,4.1973,0.13672,-0.66921,16
413,12,0,4.2363,0.041016,-0.66921,26
413,12,0,4.2754,0.052734,-0.66921,21
413,12,0,4.5703,-0.64648,-0.66921,23
413,12,0.14258,4.5723,-0.14844,-0.33461,30
413,12,0.14453,4.6113,-0.16406,-0.33461,43
413,12,0.14453,4.6445,-0.25586,-0.33461,32
414,10,0,4.6152,-0.11328,0,11
414,10,0.14258,4.5508,0.4668,0.33461,14
414,10,0,4.123,-0.087891,-0.66921,15
414,10,0,4.1582,-0.16406,-0.66921,20
414,10,0,4.1836,-0.375,-0.66921,13
414,10,0,4.123,0.10156,-0.33461,13
414,10,0,4.1582,0.19336,-0.33461,19
414,10,0,4.1992,0.035156,-0.33461,13
414,10,0.28516,4.5527,-0.38867,-0.33461,31
414,10,0.14453,4.6074,-0.23047,-0.33461,29
443,3,0,4.5332,0.25977,0,10
443,3,0,4.5,-0.14063,-0.33461,15
443,3,0,4.5371,-0.1543,-0.33461,18
444,11,0,4.459,0.20117,0,10
444,11,0,4.502,0.064453,0,10
444,11,0.2832,4.5215,0.2832,0.33461,13
444,11,0.14258,4.5742,0.11719,0.33461,17
444,11,0,4.4336,-0.52344,-0.66921,14
444,11,0,4.457,-0.63281,-0.66921,18
444,11,0,4.4902,-0.66992,-0.66921,15
444,11,0,4.4629,-0.10938,-0.33461,18
444,11,0,4.4961,-0.24023,-0.33461,23
444,11,0.14258,4.5195,-0.41406,-0.33461,23
444,11,0.14258,4.5508,-0.47461,-0.33461,20
445,5,0.14453,4.6367,0.36719,0.33461,11
445,5,0,4.4199,-0.22461,-1.0038,22
445,5,0.13867,4.459,-0.15234,-1.0038,19
445,5,0,4.4258,0.042969,-0.66921,23
445,5,0,4.4648,0.039063,-0.66921,20
446,18,0.2832,4.5313,-0.0039063,0.33461,18
446,18,0.28516,4.5684,-0.11133,0.33461,28
446,18,0.14453,4.6094,-0.21094,0.33461,18
446,18,0,4.3066,-0.25195,-1.3384,15
446,18,0,4.3359,-0.34961,-1.3384,19
446,18,0,4.373,-0.37109,-1.3384,15
446,18,0,4.3125,0.09375,-1.0038,27
446,18,0,4.3496,-0.072266,-1.0038,39
446,18,0,4.3867,-0.095703,-1.0038,33
446,18,0,4.4219,-0.20898,-1.0038,19
446,18,0,4.291,0.44141,-0.66921,15
446,18,0,4.3418,0.28906,-0.66921,24
446,18,0,4.3809,0.25586,-0.66921,22
446,18,0.2832,4.5039,-0.48828,-0.33461,12
446,18,0.28516,4.5566,-0.32813,-0.33461,18
446,18,0,4.6152,-0.033203,-0.33461,19
446,18,0.14453,4.6309,-0.42773,-0.33461,13
446,18,0.14648,4.6719,-0.4043,-0.33461,15
447,8,0.14453,4.6406,0.3125,0.33461,11
447,8,0,4.2324,-0.19922,-1.3384,12
447,8,0.13086,4.1973,-0.015625,-1.0038,18
447,8,0,4.2344,-0.13867,-1.0038,31
447,8,0,4.2695,-0.23047,-1.0038,24
447,8,0,4.2363,0.033203,-0.66921,23
447,8,0,4.2754,-0.056641,-0.66921,18
447,8,0,4.625,-0.50586,-0.33461,18
448,8,0.14453,4.6484,0.15625,0.33461,12
448,8,0.29297,4.6797,-0.16797,0.33461,14
448,8,0,4.123,0,-1.0038,11
448,8,0.13086,4.1582,-0.12695,-1.0038,14
448,8,0.12891,4.1191,0.13672,-0.66921,20
448,8,0.13086,4.1582,-0.082031,-0.66921,25
448,8,0,4.1992,-0.087891,-0.66921,14
448,8,0.13086,4.1563,0.18164,-0.33461,13
450,2,0.28516,4.5684,-0.11914,0.33461,15
450,2,0.28516,4.5313,-0.58984,-0.33461,21
478,7,0,4.498,0.19336,0,9
478,7,0,4.5332,0.23828,0,12
478,7,0,4.502,0,-0.33461,15
478,7,0,4.5391,0.080078,-0.33461,18
478,7,0,4.6133,-0.12305,-0.33461,12
478,7,0,4.6445,-0.27734,-0.33461,19
478,7,0.14648,4.6797,-0.29492,-0.33461,19
479,7,0.28516,4.5645,0.20117,0.33461,21
479,7,0.14453,4.6113,-0.11133,0.33461,17
479,7,0,4.4785,-0.46094,-1.0038,14
479,7,0,4.502,-0.044922,-0.66921,20
479,7,0,4.5332,-0.23242,-0.66921,17
479,7,0.14258,4.5313,-0.63086,-0.33461,14
479,7,0,4.7168,-0.33398,-0.33461,21
480,14,0.14258,4.5371,0.074219,0.33461,14
480,14,0.28516,4.5684,0.082031,0.33461,36
480,14,0.28906,4.6055,0.050781,0.33461,41
480,14,0.29102,4.6445,-0.0078125,0.33461,28
480,14,0.29297,4.6816,0.017578,0.33461,17
480,14,0.14453,4.5938,0.42578,0.66921,14
480,14,0,4.3887,0.013672,-1.0038,21
480,14,0,4.4258,-0.11328,-1.0038,22
480,14,0,4.3789,0.30469,-0.66921,13
480,14,0,4.4258,0.017578,-0.66921,13
480,14,0.28516,4.5293,-0.5957,-0.33461,24
480,14,0.28906,4.5703,-0.57422,-0.33461,31
480,14,0.29102,4.6191,-0.47656,-0.33461,24
480,14,-1.3203,0.83398,-4.4238,0.33461,9
481,7,0,4.6504,0.16406,0,18
481,7,0,4.6914,-0.052734,0,18
481,7,0,4.7285,-0.087891,0,10
481,7,0,4.3125,-0.0625,-1.0038,14
481,7,0.14453,4.6055,-0.28516,-0.33461,18
481,7,0.14453,4.6426,-0.28711,-0.33461,39
481,7,0,4.6836,-0.28125,-0.33461,33
482,18,0,4.5723,-0.20703,0,14
482,18,0,4.6133,-0.13281,0,21
482,18,0.14453,4.6504,-0.11133,0,19
482,18,0.14648,4.6895,0.025391,0,11
482,18,0,4.5742,-0.19727,0.33461,13
482,18,0.28906,4.5996,-0.25586,0.33461,18
482,18,0.29102,4.6367,-0.26953,0.33461,19
482,18,0,4.1973,-0.15625,-1.0038,13
482,18,0,4.2363,-0.064453,-1.0038,15
482,18,0,4.2676,-0.25391,-1.0038,12
482,18,0,4.2305,0.25,-0.66921,13
482,18,0,4.2676,0.23828,-0.66921,12
482,18,0.14453,4.5586,-0.71094,-0.66921,19
482,18,0,4.4883,-0.6875,-0.33461,14
482,18,0.14258,4.541,-0.55859,-0.33461,38
482,18,0.14453,4.5918,-0.45313,-0.33461,48
482,18,0.14453,4.6445,-0.25781,-0.33461,33
482,18,-1.4434,0.43164,4.3633,-0.66921,10
483,7,0.14258,4.5664,-0.27734,0,11
483,7,0,4.0859,-0.027344,-0.66921,18
483,7,0,4.123,-0.10547,-0.66921,25
483,7,0,4.1543,-0.26172,-0.66921,18
483,7,0,4.0801,0.21484,-0.33461,13
483,7,0,4.1211,0.12891,-0.33461,21
483,7,0,4.1621,0.056641,-0.33461,16
510,1,0,4.5313,-0.65039,-0.33461,14
511,8,0,4.5391,0.12695,0,19
511,8,0,4.5742,0.1582,0,18
511,8,0,4.5078,-0.54492,-0.66921,16
511,8,0,4.5391,-0.58984,-0.66921,16
511,8,0,4.502,-0.099609,-0.33461,16
511,8,0,4.5371,-0.1875,-0.33461,35
511,8,0,4.5723,-0.24023,-0.33461,36
511,8,0.14453,4.6035,-0.30664,-0.33461,17
512,7,0,4.4922,0.3125,0,9
512,7,0,4.5332,0.25,0,10
512,7,0,4.5664,0.31836,0.33461,10
512,7,0,4.4961,-0.23633,-0.66921,13
512,7,0,4.5313,-0.28516,-0.66921,12
512,7,0,4.502,0.0625,-0.33461,17
512,7,-0.14258,4.5156,-0.45117,-0.33461,17
513,8,0,4.6465,0.26563,0,11
513,8,0.28516,4.5684,-0.041016,0.33461,16
513,8,0.14453,4.6133,-0.033203,0.33461,25
513,8,0.29102,4.6445,0.044922,0.33461,23
513,8,0.14648,4.6895,0.015625,0.33461,14
513,8,0,4.4629,-0.13281,-1.0038,14
513,8,0,4.4258,0.099609,-0.66921,14
513,8,0,4.4648,0.058594,-0.66921,18
514,11,0.29102,4.6367,-0.27344,0.33461,20
514,11,0.14648,4.6855,-0.1875,0.33461,13
514,11,0,4.3438,-0.25391,-1.3384,23
514,11,0,4.3711,-0.38281,-1.3384,24
514,11,0,4.3516,0.0097656,-1.0038,29
514,11,0,4.3887,-0.072266,-1.0038,30
514,11,0,4.4219,-0.20703,-1.0038,15
514,11,0,4.6113,-0.20703,-0.33461,18
514,11,0.29102,4.6113,-0.54883,-0.33461,25
514,11,0.14648,4.6543,-0.56445,-0.33461,20
514,11,-1.7988,1.7949,3.625,-1.0038,8
515,6,0,4.6348,0.41992,0,10
515,6,0,4.6875,0.18945,0,10
515,6,0,4.5957,-0.41992,-0.33461,12
515,6,0,4.6406,-0.3457,-0.33461,16
515,6,0,4.6855,-0.24023,-0.33461,16
515,6,0,4.7227,-0.23633,-0.33461,14
516,6,0,4.5781,-0.060547,0,17
516,6,0,4.6152,0,0,25
516,6,0.14453,4.6504,0.068359,0,21
516,6,0.14258,4.5664,-0.29102,-0.33461,32
516,6,0.14453,4.6074,-0.23633,-0.33461,50
516,6,0.14453,4.6465,-0.20117,-0.33461,39
517,7,0,4.0703,0.36914,0,10
517,7,0.14258,4.5723,0.18164,0.33461,14
517,7,0.14453,4.6113,0.10547,0.33461,16
517,7,0,4.084,0.099609,-0.33461,19
517,7,0,4.123,0,-0.33461,16
517,7,0.14258,4.5508,-0.4707,-0.33461,25
517,7,0.14453,4.5918,-0.43945,-0.33461,26
518,3,0.14258,4.5371,-0.58594,0.33461,14
518,3,0.14258,4.4844,-0.69336,-0.33461,19
518,3,0.14258,4.5156,-0.73633,-0.33461,23
519,3,0,4.5039,-0.81641,0.33461,12
519,3,0.28516,4.4766,-0.91016,-0.33461,16
519,3,0.14453,4.5293,-0.87695,-0.33461,13
545,2,0,4.6465,-0.25781,-0.33461,17
545,2,0.14648,4.666,-0.46484,-0.33461,22
546,17,0,4.4863,0.38086,0,10
546,17,0.14258,4.5371,-0.0019531,0.33461,16
546,17,0.14258,4.5723,-0.1582,0.33461,23
546,17,0.14453,4.6074,-0.22656,0.33461,23
546,17,0.14453,4.6504,-0.017578,0.33461,30
546,17,0.14648,4.6895,0.039063,0.33461,24
546,17,0.14063,4.459,-0.60742,-1.0038,14
546,17,0,4.459,-0.21289,-0.66921,24
546,17,0,4.498,-0.20703,-0.66921,40
546,17,0,4.5273,-0.33594,-0.66921,29
546,17,0,4.4629,0.14648,-0.33461,20
546,17,0,4.502,0.013672,-0.33461,36
546,17,0,4.5391,-0.11719,-0.33461,34
546,17,0.28516,4.5313,-0.58008,-0.33461,23
546,17,0.14453,4.5684,-0.63672,-0.33461,23
546,17,0.29102,4.6152,-0.51953,-0.33461,29
546,17,0.29297,4.6309,-0.69531,-0.33461,19
547,11,0,4.6152,0,0,15
547,11,0,4.6484,0.21094,0,17
547,11,0.14258,4.5371,0.10352,0.33461,20
547,11,0.14258,4.5742,0.066406,0.33461,30
547,11,0.14453,4.6133,-0.033203,0.33461,27
547,11,0.14453,4.6426,-0.2832,0.33461,19
547,11,0,4.627,-0.49609,-0.66921,23
547,11,0.14258,4.5508,-0.47656,-0.33461,20
547,11,0.14453,4.6055,-0.2832,-0.33461,42
547,11,0.14453,4.6445,-0.24805,-0.33461,49
547,11,0,4.6816,-0.31055,-0.33461,25
548,11,0.14258,4.5723,0.18164,0.33461,14
548,11,0.28906,4.5938,0.34961,0.33461,18
548,11,0.14453,4.6426,0.29102,0.33461,17
548,11,0,4.3125,-0.056641,-1.3384,17
548,11,0,4.3457,-0.20117,-1.3384,19
548,11,0,4.3125,0.017578,-1.0038,26
548,11,0,4.3516,0.039063,-1.0038,30
548,11,0,4.3887,0.066406,-1.0038,14
548,11,0.28906,4.5977,-0.27344,-0.33461,17
548,11,0.14453,4.6387,-0.33203,-0.33461,23
548,11,0.14648,4.668,-0.45313,-0.33461,17
549,12,0.14258,4.5723,-0.18359,0,12
549,12,0.14453,4.6094,-0.18359,0,13
549,12,0.14453,4.6504,-0.12695,0,17
549,12,0.14648,4.6895,-0.050781,0,22
549,12,0.14844,4.7227,-0.19727,0,14
549,12,0.28516,4.5566,-0.33203,0.33461,19
549,12,0.28906,4.5977,-0.30078,0.33461,19
549,12,0,4.668,-0.47461,-0.66921,17
549,12,0.14258,4.4941,-0.85742,-0.33461,26
549,12,0,4.6484,-0.22852,-0.33461,23
549,12,0,4.6777,-0.36523,-0.33461,35
549,12,0,4.7148,-0.37891,-0.33461,23
550,9,0.14258,4.5586,0.4043,0.33461,21
550,9,0.28906,4.6016,0.21875,0.33461,20
550,9,0,4.1445,-0.36914,-1.0038,13
550,9,0,4.123,-0.054688,-0.66921,15
550,9,0,4.1621,-0.052734,-0.66921,23
550,9,0,4.1992,-0.074219,-0.66921,16
550,9,0,4.1621,0,-0.33461,11
550,9,0.14258,4.5625,-0.3418,-0.33461,27
550,9,0.14453,4.584,-0.51563,-0.33461,20
551,6,0,4.5332,-0.25977,0,12
551,6,0.14258,4.5723,-0.14844,0,13
551,6,0.14453,4.6113,-0.12891,0,9
551,6,0.12695,4.082,0.14648,-0.33461,16
551,6,0.14258,4.502,-0.56641,-0.33461,26
551,6,0.14258,4.5547,-0.44141,-0.33461,25
579,7,0,4.4785,0.46094,0,9
579,7,0,4.5371,0.17969,0,17
579,7,0,4.5781,0,0,12
579,7,0.14453,4.6309,-0.44336,0.33461,12
579,7,0,4.502,-0.042969,-0.33461,15
579,7,0,4.5332,-0.23047,-0.33461,26
579,7,0,4.5703,-0.26758,-0.33461,21
580,16,0,4.4414,0.45117,0,13
580,16,0,4.4863,0.38867,0,22
580,16,0,4.5352,0.20508,0,19
580,16,0,4.5781,0,0,10
580,16,0.14063,4.4941,0.21484,0.33461,15
580,16,0.14258,4.5352,0.16992,0.33461,28
580,16,0.28516,4.5645,0.21484,0.33461,28
580,16,0.28906,4.5996,-0.23828,0.33461,17
580,16,0,4.4629,-0.12305,-0.66921,23
580,16,0,4.5,-0.14844,-0.66921,35
580,16,0,4.5391,-0.080078,-0.66921,21
580,16,0,4.4609,0.16406,-0.33461,26
580,16,0,4.498,0.21289,-0.33461,37
580,16,-0.42578,4.4902,0.51367,-0.33461,18
580,16,0,4.4316,-1.1445,-0.33461,15
580,16,0,4.5703,-0.64453,-0.33461,23
581,16,0.14258,4.5156,0.45117,0.33461,21
581,16,0.28516,4.5391,0.51953,0.33461,21
581,16,0.29102,4.6406,-0.18945,0.33461,15
581,16,0,4.4063,-0.41797,-1.3384,21
581,16,0,4.4355,-0.49805,-1.3384,20
581,16,0,4.3887,0.023438,-1.0038,23
581,16,0,4.4258,-0.087891,-1.0038,49
581,16,0,4.4609,-0.16406,-1.0038,46
581,16,0,4.5,-0.1582,-1.0038,19
581,16,0,4.373,0.37109,-0.66921,15
581,16,0,4.4219,0.21289,-0.66921,34
581,16,0,4.4609,0.17578,-0.66921,33
581,16,0,4.4941,0.2832,-0.66921,15
581,16,0,4.541,0,-0.33461,9
581,16,0,4.5762,-0.12891,-0.33461,11
581,16,0.29297,4.6621,-0.42383,-0.33461,17
582,11,0.2832,4.5039,0.49609,0.33461,20
582,11,0.28516,4.5566,0.33398,0.33461,29
582,11,0.14453,4.6113,0.125,0.33461,19
582,11,0,4.3125,-0.019531,-1.3384,18
582,11,0,4.3379,-0.33984,-1.3384,13
582,11,0,4.2559,0.40625,-1.0038,13
582,11,0,4.3125,0.078125,-1.0038,22
582,11,0,4.3457,-0.22852,-1.0038,15
582,11,0.14258,4.5703,-0.20117,-0.33461,18
582,11,0.14453,4.6035,-0.29102,-0.33461,22
582,11,0,4.6309,-0.46289,-0.33461,21
583,21,0.2832,4.5234,0.25195,0.33461,17
583,21,0.14258,4.5742,0.12695,0.33461,37
583,21,0.28906,4.6055,0.09375,0.33461,34
583,21,0.14258,4.5625,0.33398,0.66921,12
583,21,0,4.1836,-0.37305,-1.3384,28
583,21,0,4.2266,-0.3125,-1.3384,34
583,21,0,4.2656,-0.27148,-1.3384,20
583,21,0,4.1621,0.0625,-1.0038,21
583,21,0,4.1992,-0.03125,-1.0038,62
583,21,0.13281,4.2344,-0.091797,-1.0038,79
583,21,0,4.2715,-0.19141,-1.0038,49
583,21,0,4.3066,-0.24023,-1.0038,17
583,21,0,4.1953,0.20898,-0.66921,41
583,21,0,4.2344,0.16016,-0.66921,54
583,21,0,4.2754,0.082031,-0.66921,36
583,21,0,4.3125,0,-0.66921,14
583,21,0.14258,4.502,-0.56641,-0.33461,16
583,21,0.28516,4.5449,-0.46289,-0.33461,32
583,21,0.28906,4.5762,-0.5332,-0.33461,36
583,21,0.29102,4.6074,-0.58203,-0.33461,26
583,21,0.29297,4.6445,-0.59961,-0.33461,20
584,11,0.14258,4.5488,0.49219,0.33461,16
584,11,0,4.5645,0.68164,0.33461,13
584,11,0,4.1133,-0.30078,-1.0038,31
584,11,0.13086,4.1523,-0.25586,-1.0038,32
584,11,0.13086,4.1914,-0.24219,-1.0038,15
584,11,0,4.0859,-0.070313,-0.66921,18
584,11,0,4.123,0.058594,-0.66921,45
584,11,0,4.1621,0.025391,-0.66921,45
584,11,0,4.1992,-0.09375,-0.66921,20
584,11,0,4.1016,0.42773,-0.33461,16
584,11,0,4.127,0.53711,-0.33461,17
585,5,0,4.0859,-0.0625,0,11
585,5,0,4.0488,0.027344,-0.33461,13
585,5,0,4.082,-0.19531,-0.33461,18
585,5,0,4.0938,-0.5,-0.33461,14
585,5,0.29102,4.625,-0.41797,-0.33461,16
612,2,0,4.5293,-0.29883,-0.33461,13
612,2,0,4.5684,-0.30078,-0.33461,14
613,4,0,4.4941,0.2832,0,10
613,4,0,4.5391,0.12305,0,10
613,4,0,4.502,-0.074219,-0.33461,15
613,4,0,4.5391,-0.091797,-0.33461,13
614,6,0.14258,4.5117,0.48828,0.33461,13
614,6,0.14258,4.5703,0.2168,0.33461,20
614,6,0.14453,4.6094,0.20313,0.33461,22
614,6,0,4.6465,0.27148,0.33461,17
614,6,0,4.4629,-0.12891,-0.66921,16
614,6,0.14453,4.5645,-0.66992,-0.33461,15
615,10,0,4.3652,-0.46094,-1.3384,12
615,10,0,4.3438,-0.23633,-1.0038,24
615,10,0,4.3828,-0.23242,-1.0038,43
615,10,0,4.416,-0.29883,-1.0038,34
615,10,0,4.3477,0.16016,-0.66921,21
615,10,0,4.3887,0.074219,-0.66921,38
615,10,0,4.4258,0.019531,-0.66921,33
615,10,0,4.5625,-0.69922,-0.33461,15
615,10,0.14453,4.6289,-0.45703,-0.33461,25
615,10,0.14648,4.6641,-0.48242,-0.33461,25
616,20,0,4.6152,0.10352,0,20
616,20,0.14453,4.6504,0.13086,0,26
616,20,0,4.6914,0,0,18
616,20,0.2832,4.5195,0.33594,0.33461,25
616,20,0.28516,4.5566,0.33203,0.33461,44
616,20,0.28906,4.5996,0.24023,0.33461,33
616,20,0,4.5469,0.52734,0.66921,15
616,20,0.13281,4.2715,-0.14453,-1.0038,37
616,20,0,4.3086,-0.20508,-1.0038,48
616,20,0.13672,4.334,-0.36523,-1.0038,25
616,20,0,4.2715,0.17578,-0.66921,37
616,20,0,4.3125,0.064453,-0.66921,47
616,20,0,4.3496,-0.10547,-0.66921,25
616,20,0.14258,4.5137,-0.74609,-0.66921,18
616,20,0.14453,4.5742,-0.60352,-0.66921,25
616,20,0.14453,4.6016,-0.67188,-0.66921,23
616,20,0.14258,4.5645,-0.32422,-0.33461,50
616,20,0.14453,4.6035,-0.30469,-0.33461,65
616,20,0.29102,4.6348,-0.30664,-0.33461,52
616,20,0,4.6797,-0.33984,-0.33461,28
617,12,0,4.209,0.48438,0,9
617,12,0.13086,4.1973,-0.064453,-1.0038,35
617,12,0.13281,4.2324,-0.1543,-1.0038,46
617,12,0.13281,4.2695,-0.1875,-1.0038,28
617,12,0,4.1445,0.37109,-0.66921,13
617,12,0,4.1953,0.19531,-0.66921,42
617,12,0,4.2363,0.095703,-0.66921,56
617,12,0,4.2754,0.050781,-0.66921,36
617,12,0,4.3125,0,-0.66921,16
617,12,0,4.168,0.50781,-0.33461,11
617,12,0,4.2227,0.35156,-0.33461,15
617,12,0,4.2617,0.33398,-0.33461,11
618,14,0,4.0879,0.54688,0,9
618,14,0,4.123,0.56445,0,12
618,14,0.28516,4.5684,0.10352,0.33461,16
618,14,0.43359,4.5938,0.13477,0.33461,21
618,14,0.14453,4.6484,0.14258,0.33461,15
618,14,0,4.123,0.048828,-0.66921,27
618,14,0.13086,4.1602,-0.046875,-0.66921,35
618,14,0,4.1953,-0.18164,-0.66921,22
618,14,0,4.1152,0.25781,-0.33461,25
618,14,0,4.1582,0.18359,-0.33461,33
618,14,0,4.1992,0.027344,-0.33461,21
618,14,0,4.2363,0.048828,-0.33461,12
618,14,0.28906,4.5859,-0.4375,-0.33461,20
618,14,0.29102,4.627,-0.39258,-0.33461,20
619,11,0,4.0762,0.27539,0,18
619,11,0,4.1152,0.25586,0,21
619,11,0,4.1621,0.035156,0,12
619,11,0,4.5762,0.11133,0.33461,13
619,11,0,4.6113,0.20898,0.33461,15
619,11,0,4.0723,-0.33398,-0.66921,16
619,11,0,4.1035,-0.41797,-0.66921,20
619,11,0.12695,4.084,0.017578,-0.33461,33
619,11,0,4.123,-0.10742,-0.33461,38
619,11,0,4.1602,-0.10156,-0.33461,21
619,11,0.14453,4.6016,-0.3418,-0.33461,22
645,5,0.28516,4.5664,-0.13672,0.33461,14
645,5,0.14453,4.6133,-0.082031,0.33461,15
645,5,0.14453,4.6348,-0.39648,0.33461,11
645,5,0.14453,4.6016,-0.32813,-0.33461,24
645,5,0.14453,4.6348,-0.38672,-0.33461,22
646,12,0,4.4121,0.67773,0,9
646,12,0,4.4824,0.41211,0,11
646,12,0,4.4785,-0.45117,-1.0038,19
646,12,0,4.5137,-0.49609,-1.0038,15
646,12,0,4.4648,-0.064453,-0.66921,30
646,12,0,4.4961,-0.2168,-0.66921,44
646,12,0,4.5293,-0.30273,-0.66921,35
646,12,0,4.5586,-0.42969,-0.66921,19
646,12,0,4.4609,0.14844,-0.33461,25
646,12,0,4.502,0.087891,-0.33461,36
646,12,0,4.5391,-0.11719,-0.33461,28
646,12,0,4.5664,-0.3125,-0.33461,17
647,13,0.2832,4.5293,0.13281,0.33461,19
647,13,0.14258,4.5762,0.037109,0.33461,21
647,13,0.14453,4.6504,-0.082031,0.33461,23
647,13,0.29297,4.6816,-0.017578,0.33461,18
647,13,0,4.3887,-0.060547,-1.0038,21
647,13,0,4.4219,-0.19922,-1.0038,29
647,13,0,4.459,-0.22852,-1.0038,20
647,13,0,4.498,-0.20313,-1.0038,14
647,13,0,4.3848,0.19727,-0.66921,12
647,13,0,4.4258,0.082031,-0.66921,18
647,13,0,4.4609,0.1582,-0.66921,12
647,13,0.14453,4.6074,-0.64063,-0.33461,27
647,13,0.14648,4.6641,-0.47656,-0.33461,25
648,14,0,4.6113,0.20117,0,11
648,14,0.14258,4.5273,0.29883,0.33461,14
648,14,0.14258,4.5723,0.1543,0.33461,20
648,14,0.14453,4.6094,-0.17969,0.33461,20
648,14,0.14453,4.6504,-0.021484,0.33461,13
648,14,0,4.3066,-0.23047,-1.3384,18
648,14,0.13672,4.3223,-0.47656,-1.3384,14
648,14,0,4.3125,-0.041016,-1.0038,21
648,14,0,4.3496,-0.095703,-1.0038,16
648,14,0.14258,4.5332,-0.21289,-0.33461,15
648,14,0.14258,4.5684,-0.25195,-0.33461,31
648,14,0.28906,4.5996,-0.26563,-0.33461,33
648,14,0.14453,4.5996,-0.69336,-0.33461,13
648,14,-1.7441,2.5352,3.4902,-0.33461,7
649,10,0,4.1934,-0.23242,-1.3384,17
649,10,0.13281,4.2266,-0.26172,-1.3384,16
649,10,0,4.1621,0.052734,-1.0038,25
649,10,0,4.1992,0,-1.0038,52
649,10,0.13281,4.2344,-0.078125,-1.0038,48
649,10,0,4.2754,-0.066406,-1.0038,19
649,10,0,4.1543,0.25,-0.66921,22
649,10,0,4.1953,0.20313,-0.66921,46
649,10,0.13281,4.2305,0.18164,-0.66921,41
649,10,0,4.2754,0.042969,-0.66921,14
650,7,0.14258,4.5352,-0.14258,0.33461,17
650,7,0.28516,4.5684,-0.019531,0.33461,32
650,7,0.28906,4.6074,-0.019531,0.33461,29
650,7,0.29102,4.6445,0.060547,0.33461,22
650,7,0.43945,4.668,0.14453,0.33461,21
650,7,0,4.1602,-0.087891,-0.66921,15
650,7,0,4.1621,0.027344,-0.33461,15
651,5,0.28516,4.5566,0.33789,0.33461,20
651,5,0.28906,4.6035,0.17188,0.33461,26
651,5,0.29102,4.6445,-0.050781,0.33461,22
651,5,0.43945,4.666,-0.19336,0.33461,15
651,5,0.14453,4.5996,-0.35742,-0.33461,17
652,2,0.29297,4.6816,-0.035156,0.33461,15
652,2,0.44336,4.709,0.015625,0.33461,14
654,2,0.14258,4.5742,-0.11914,0.33461,11
654,2,0.14453,4.6133,-0.044922,0.33461,10
679,8,0,4.5,0.12695,0,10
679,8,0,4.541,0,0,10
679,8,0.14258,4.5371,-0.11328,0.33461,15
679,8,0.42969,4.5586,-0.019531,0.33461,20
679,8,-0.14063,4.5,0.015625,-0.33461,15
679,8,0.14648,4.6641,-0.48633,-0.33461,16
679,8,0,4.7031,-0.49219,-0.33461,16
679,8,0.14844,4.75,-0.37891,-0.33461,13
680,9,0.2832,4.5273,0.17383,0.33461,22
680,9,0.28516,4.5664,0.16992,0.33461,33
680,9,0.14453,4.6035,0.29883,0.33461,24
680,9,0.14453,4.6465,0.23047,0.33461,20
680,9,0.14648,4.6875,0.076172,0.33461,14
680,9,0.42578,4.4902,-0.52539,-0.33461,15
680,9,0.42969,4.5469,-0.30469,-0.33461,20
680,9,0.14453,4.6113,-0.16797,-0.33461,19
680,9,0,4.6484,-0.21094,-0.33461,21
681,21,0.14258,4.5762,-0.042969,0,10
681,21,0.2832,4.5293,0.089844,0.33461,26
681,21,0.28516,4.5684,0.083984,0.33461,45
681,21,0.28906,4.6055,0.0625,0.33461,44
681,21,0.14453,4.6504,0.052734,0.33461,28
681,21,0.14258,4.5391,0.58008,0.66921,16
681,21,0,4.6055,0.31055,0.66921,15
681,21,0,4.3418,-0.29102,-1.3384,14
681,21,0,4.375,-0.35742,-1.3384,19
681,21,0.13867,4.4199,-0.20117,-1.3384,12
681,21,0,4.3516,-0.03125,-1.0038,30
681,21,0,4.3887,-0.089844,-1.0038,42
681,21,0,4.4238,-0.16992,-1.0038,26
681,21,0,4.3438,0.24805,-0.66921,19
681,21,0,4.3887,0.089844,-0.66921,27
681,21,0,4.4258,-0.085938,-0.66921,17
681,21,0.2832,4.5039,-0.49805,-0.33461,16
681,21,0.28516,4.5293,-0.60547,-0.33461,27
681,21,0.28906,4.5742,-0.54883,-0.33461,31
681,21,0.14453,4.6211,-0.52148,-0.33461,30
681,21,0.14648,4.6543,-0.57422,-0.33461,24
682,21,0,4.2285,0.63086,0,9
682,21,0,4.2871,0.4707,0,8
682,21,0,4.6543,-0.017578,0,14
682,21,0,4.6895,-0.14258,0,14
682,21,0.2832,4.5117,0.42383,0.33461,21
682,21,0.14258,4.5703,0.21484,0.33461,37
682,21,0.28906,4.6035,0.15039,0.33461,30
682,21,0.14258,4.5664,0.28516,0.66921,13
682,21,0,4.2676,-0.26953,-1.3384,14
682,21,0,4.3027,-0.30664,-1.3384,14
682,21,0,4.2344,-0.1543,-1.0038,22
682,21,0,4.2715,-0.18359,-1.0038,52
682,21,0,4.3066,-0.2168,-1.0038,51
682,21,0.13672,4.3398,-0.27539,-1.0038,17
682,21,0,4.2363,0.056641,-0.66921,23
682,21,0,4.2754,0.080078,-0.66921,49
682,21,0,4.3125,0.039063,-0.66921,46
682,21,0,4.3457,-0.22852,-0.66921,13
682,21,0.14258,4.5605,-0.37891,-0.33461,27
682,21,0.14453,4.6016,-0.32031,-0.33461,35
682,21,0,4.6445,-0.29102,-0.33461,31
683,10,0,4.6152,0,0,13
683,10,0,4.6484,-0.22852,0,19
683,10,0.14648,4.6816,-0.26953,0,17
683,10,0.14844,4.7129,-0.37109,0,10
683,10,0.14258,4.5742,-0.14258,0.33461,16
683,10,0.14453,4.6113,0.125,0.33461,14
683,10,0.29102,4.625,0.42969,0.33461,13
683,10,0.43945,4.6699,0.046875,0.33461,16
683,10,0.14453,4.6504,-0.13086,-0.33461,26
683,10,0.14648,4.6855,-0.16406,-0.33461,28
684,19,0,4.0918,0.50781,0,14
684,19,0,4.1484,0.32422,0,21
684,19,0,4.1914,0.24805,0,14
684,19,0.14258,4.5664,-0.30078,0,17
684,19,0.28516,4.5664,-0.16992,0.33461,20
684,19,0.14453,4.6113,-0.12305,0.33461,22
684,19,0.29102,4.6445,0.050781,0.33461,17
684,19,0,4.1426,-0.4082,-1.0038,14
684,19,0,4.123,0.033203,-0.66921,33
684,19,0,4.1582,-0.15625,-0.66921,48
684,19,0,4.1914,-0.26758,-0.66921,32
684,19,0,4.4004,-1.2656,-0.66921,18
684,19,0.14453,4.5059,-0.98828,-0.66921,15
684,19,0,4.1211,0.1543,-0.33461,34
684,19,0,4.1602,0.099609,-0.33461,50
684,19,0,4.1992,-0.078125,-0.33461,34
684,19,0.13281,4.2305,-0.19727,-0.33461,12
684,19,0.14258,4.5156,-0.73438,-0.33461,45
684,19,0.28906,4.5586,-0.66211,-0.33461,40
715,5,0,4.5391,0.12695,0,13
715,5,0,4.5723,0.23242,0,8
715,5,0,4.502,0.058594,-0.33461,12
715,5,0,4.5371,-0.14453,-0.33461,20
715,5,0,4.6523,-0.13477,-0.33461,14
716,12,0.14453,4.6094,-0.19531,0.33461,21
716,12,0.29102,4.6445,0.080078,0.33461,16
716,12,0,4.4961,-0.22656,-1.0038,19
716,12,0,4.5273,-0.33984,-1.0038,17
716,12,0,4.4648,0,-0.66921,20
716,12,0,4.502,-0.041016,-0.66921,35
716,12,0,4.5371,-0.14258,-0.66921,30
716,12,0,4.5566,-0.4375,-0.66921,17
716,12,0,4.5,0.1582,-0.33461,18
716,12,0,4.5391,-0.019531,-0.33461,17
716,12,0,4.5391,-0.60156,-0.33461,16
716,12,0.14453,4.5898,-0.47461,-0.33461,19
717,16,0,4.5352,0.21289,0.33461,13
717,16,0.14258,4.5762,-0.0019531,0.33461,28
717,16,0.14453,4.6074,-0.24414,0.33461,24
717,16,0.13672,4.3809,-0.23828,-1.3384,32
717,16,0,4.4121,-0.35742,-1.3384,48
717,16,0.13867,4.4453,-0.39453,-1.3384,33
717,16,0,4.3477,0.18359,-1.0038,15
717,16,0,4.3887,-0.029297,-1.0038,63
717,16,0,4.4258,-0.082031,-1.0038,95
717,16,0,4.4629,-0.14648,-1.0038,66
717,16,0,4.4961,-0.22461,-1.0038,20
717,16,0,4.377,0.32617,-0.66921,37
717,16,0,4.4219,0.20117,-0.66921,57
717,16,0,4.4629,0.097656,-0.66921,39
717,16,0,4.6875,-0.20117,-0.33461,23
717,16,0.14844,4.7227,-0.21875,-0.33461,20
718,24,0.29102,4.6445,0.017578,0,12
718,24,0.2832,4.5273,-0.16797,0.33461,17
718,24,0.28516,4.5664,-0.14258,0.33461,36
718,24,0.28906,4.6074,0.046875,0.33461,37
718,24,0.14453,4.6504,0.052734,0.33461,24
718,24,0.14648,4.6895,0.013672,0.33461,20
718,24,0.14258,4.5664,0.28516,0.66921,12
718,24,0,4.2734,-0.11133,-1.3384,23
718,24,0,4.3066,-0.24023,-1.3384,49
718,24,0,4.3398,-0.30469,-1.3384,46
718,24,0,4.373,-0.37109,-1.3384,23
718,24,0,4.2734,0.11523,-1.0038,38
718,24,0.13477,4.3105,0.042969,-1.0038,80
718,24,0,4.3496,-0.095703,-1.0038,78
718,24,0,4.3867,-0.14648,-1.0038,40
718,24,0,4.4238,-0.16797,-1.0038,16
718,24,0,4.25,0.46094,-0.66921,18
718,24,0,4.3047,0.2793,-0.66921,39
718,24,0,4.3477,0.18164,-0.66921,39
718,24,0,4.3828,0.20703,-0.66921,21
718,24,0.14258,4.5156,-0.45313,-0.33461,17
718,24,0.14258,4.5273,-0.66797,-0.33461,37
718,24,0.14453,4.5664,-0.66406,-0.33461,37
718,24,0.14453,4.6016,-0.68359,-0.33461,21
719,7,0,4.6738,-0.39844,0,11
719,7,0.14258,4.5664,0.30273,0.33461,16
719,7,0.28906,4.6074,-0.0078125,0.33461,18
719,7,0.14453,4.6465,-0.20313,0.33461,17
719,7,0.29297,4.6816,0.0039063,0.33461,18
719,7,0.29492,4.7188,0.089844,0.33461,12
719,7,0,4.2363,0.080078,-0.66921,12
720,9,0.14258,4.5742,0.089844,0.33461,21
720,9,0.14453,4.6113,-0.14648,0.33461,21
720,9,0,4.1211,0.125,-0.66921,19
720,9,0,4.1621,0.039063,-0.66921,21
720,9,0.14258,4.5039,-0.80664,-0.66921,18
720,9,0,4.1113,0.32227,-0.33461,13
720,9,0,4.1465,0.35742,-0.33461,15
720,9,0.14258,4.5391,-0.57813,-0.33461,40
720,9,0.14453,4.5605,-0.69922,-0.33461,30
721,18,0,4.0762,0.28516,0,13
721,18,0,4.1133,0.29492,0,14
721,18,0,4.4531,-0.66406,0,10
721,18,0.14258,4.498,-0.60352,0,16
721,18,0,4.5313,-0.64844,0,12
721,18,0.14258,4.5742,0.095703,0.33461,24
721,18,0.14453,4.6133,0.044922,0.33461,23
721,18,0.29102,4.6445,-0.0625,0.33461,14
721,18,0,4.1152,-0.26367,-0.66921,13
721,18,0.14258,4.4023,-1.1016,-0.66921,14
721,18,0.28516,4.457,-1.002,-0.66921,15
721,18,0,4.084,-0.11328,-0.33461,23
721,18,0,4.123,0,-0.33461,25
721,18,0.14063,4.4102,-0.89844,-0.33461,19
721,18,0.14258,4.4844,-0.69727,-0.33461,34
721,18,0.28516,4.5098,-0.72852,-0.33461,39
721,18,0.28906,4.541,-0.77539,-0.33461,31
721,18,0.29102,4.541,-0.97656,-0.33461,18
722,3,0.14258,4.5762,0.039063,0.33461,15
722,3,0.14258,4.5508,-0.48438,-0.33461,21
722,3,0.14453,4.6094,-0.21484,-0.33461,15
762,35,0,3.8613,0.75586,0,12
762,35,0.125,3.9023,0.72852,0,15
762,35,0,4.041,0.25195,0,19
762,35,0.12695,4.0703,0.33789,0,26
762,35,0.12891,4.1172,0.18555,0,26
762,35,0.125,3.9121,-0.67383,-1.673,12
762,35,0.50586,3.9824,-0.52539,-1.673,10
762,35,0.51172,3.998,-0.67578,-1.673,20
762,35,0.38672,4.0059,-0.90039,-1.673,17
762,35,0.12305,3.9336,-0.0019531,-1.3384,11
762,35,0.25,3.875,-1.0059,-1.3384,15
762,35,0.25391,3.9766,-0.71094,-1.3384,36
762,35,0.51172,4.0117,-0.57813,-1.3384,46
762,35,0.51563,4.0625,-0.48438,-1.3384,25
762,35,0.24414,3.8867,0.12891,-1.0038,21
762,35,0.24609,3.9238,0.16797,-1.0038,62
762,35,0.37305,3.9473,0.25,-1.0038,65
762,35,0,3.5996,-1.7695,-1.0038,26
762,35,0.25391,4.0059,-0.5293,-1.0038,140
762,35,0.25586,4.0527,-0.44727,-1.0038,184
762,35,0.25781,4.082,-0.52148,-1.0038,119
762,35,0.24414,3.8652,0.43164,-0.66921,22
762,35,0.24609,3.9121,0.34375,-0.66921,68
762,35,0.24805,3.9336,0.50391,-0.66921,73
762,35,0.125,3.8652,-1.0645,-0.66921,53
762,35,0.25391,4.0273,-0.31445,-0.66921,177
762,35,0.12695,4.0762,-0.24805,-0.66921,227
762,35,0.25781,4.1094,-0.24219,-0.66921,153
762,35,0.12305,3.873,0.6875,-0.33461,13
762,35,0.125,3.8945,0.77539,-0.33461,14
762,35,0.125,3.9766,-0.49805,-0.33461,25
762,35,0.12695,4.043,-0.1582,-0.33461,61
762,35,0,4.0859,-0.041016,-0.33461,74
762,35,0,4.123,0.070313,-0.33461,45
762,35,-1.002,0.64453,3.8301,-1.3384,8
763,47,0.12305,3.9316,0.10742,0,19
763,47,0.125,3.9707,-0.027344,0,37
763,47,0.25,4.002,-0.0019531,0,36
763,47,0.12695,4.0449,0.097656,0,18
763,47,0,4.0801,0.21875,0,20
763,47,0.125,3.9629,0.24805,0.33461,14
763,47,0.125,3.9961,0.32617,0.33461,13
763,47,0.60938,3.7578,-0.83398,-1.673,17
763,47,0.36914,3.8281,-0.83594,-1.673,21
763,47,0.12109,3.8574,-0.041016,-1.3384,12
763,47,0.36914,3.7676,-1.0742,-1.3384,57
763,47,0.37305,3.8203,-1.0234,-1.3384,108
763,47,0.375,3.8379,-1.0977,-1.3384,85
763,47,0.12695,3.9648,-0.97656,-1.3384,29
763,47,0.11914,3.8145,0.19531,-1.0038,22
763,47,0.24023,3.8496,0.097656,-1.0038,52
763,47,0.24414,3.8867,0.12891,-1.0038,39
763,47,0.24609,3.8672,-0.67969,-1.0038,145
763,47,0.37305,3.8809,-0.75977,-1.0038,273
763,47,0.375,3.9043,-0.83984,-1.0038,238
763,47,0.37891,3.875,-1.1074,-1.0038,64
763,47,0.12695,4.0234,-0.70117,-1.0038,112
763,47,0.25781,4.0664,-0.64063,-1.0038,95
763,47,4.0723,0,5.541,-1.0038,32
763,47,4.0977,0,5.4609,-1.0038,25
763,47,0.11914,3.7969,0.4043,-0.66921,20
763,47,0.12109,3.8457,0.30469,-0.66921,46
763,47,0.24414,3.8789,0.28125,-0.66921,42
763,47,0.12305,3.916,-0.37305,-0.66921,120
763,47,0.37305,3.9238,-0.49805,-0.66921,222
763,47,0.25,3.9688,-0.52344,-0.66921,189
763,47,0.37891,3.9688,-0.70508,-0.66921,59
763,47,0,4.0645,-0.42773,-0.66921,120
763,47,0.12891,4.0977,-0.44727,-0.66921,98
763,47,4.0723,0,5.8145,-0.66921,44
763,47,4.0977,0,5.6289,-0.66921,37
763,47,0.24609,3.9258,-0.072266,-0.33461,18
763,47,0.24805,3.9648,-0.025391,-0.33461,26
763,47,0.375,3.9922,-0.070313,-0.33461,19
763,47,0,4.0801,-0.22852,-0.33461,28
763,47,-6.0117,1.5234,-0.21289,-0.33461,22
763,47,-1.127,2.5762,2.8594,-1.3384,43
763,47,-5.8164,2.0566,-0.6582,-1.0038,28
763,47,-5.8516,1.9844,-0.88281,-1.0038,23
763,47,-5.8164,2.127,-0.37695,-0.66921,43
763,47,-5.8516,2.1113,-0.50781,-0.66921,37
763,47,4.0723,0,6.0293,-0.33461,19
764,28,0,3.9727,0.050781,0,18
764,28,0.23438,3.7363,-0.10352,-1.3384,38
764,28,0.23633,3.7676,-0.25977,-1.3384,91
764,28,0.23828,3.7871,-0.44727,-1.3384,167
764,28,0.24023,3.8105,-0.56055,-1.3384,188
764,28,0.12109,3.8496,-0.59766,-1.3384,94
764,28,0,3.9063,-0.48047,-1.3384,48
764,28,0.125,3.8984,-0.75,-1.3384,82
764,28,0.25,3.9258,-0.77734,-1.3384,72
764,28,0.23242,3.6992,0.054688,-1.0038,17
764,28,0.23438,3.7363,0.11523,-1.0038,78
764,28,0.23633,3.7754,-0.0019531,-1.0038,183
764,28,0.35742,3.8008,-0.1582,-1.0038,303
764,28,0.24023,3.8418,-0.28125,-1.0038,332
764,28,0.12109,3.8848,-0.2832,-1.0038,173
764,28,0.12305,3.9063,-0.44922,-1.0038,110
764,28,0.125,3.9297,-0.56445,-1.0038,193
764,28,0.25,3.9629,-0.5625,-1.0038,158
764,28,0.23438,3.7266,0.30078,-0.66921,50
764,28,0.23633,3.7695,0.21875,-0.66921,109
764,28,0.23828,3.8125,0.066406,-0.66921,170
764,28,0.24023,3.8516,-0.023438,-0.66921,179
764,28,0.12109,3.8945,0.0097656,-0.66921,94
764,28,0.12305,3.9219,-0.29688,-0.66921,78
764,28,0.125,3.9531,-0.36523,-0.66921,140
764,28,0,3.9902,-0.40039,-0.66921,111
764,28,-1.2168,1.3262,3.457,-1.3384,49
764,28,0.25,3.9863,-0.36133,-0.66921,111
765,41,0,3.5527,0.91797,0,7
765,41,0.11523,3.6582,0.58984,0,22
765,41,0.23438,3.7012,0.52148,0,32
765,41,0.11914,3.7539,0.45898,0,31
765,41,0.23828,3.7754,0.53516,0,23
765,41,0.12109,3.8301,0.45898,0,13
765,41,0,3.6816,0.68555,0.33461,15
765,41,0.11914,3.7227,0.66016,0.33461,15
765,41,0.11914,3.7754,0.58398,0.33461,11
765,41,0.22852,3.6367,-0.44141,-1.673,15
765,41,0.23242,3.6387,-0.66992,-1.673,60
765,41,0.35156,3.6543,-0.74609,-1.673,112
765,41,0.35547,3.6855,-0.77734,-1.673,114
765,41,0.35742,3.7305,-0.75,-1.673,71
765,41,0.36133,3.7793,-0.6875,-1.673,32
765,41,0.33984,3.6152,0.070313,-1.3384,14
765,41,0.34375,3.6523,-0.125,-1.3384,87
765,41,0.34766,3.6777,-0.3125,-1.3384,225
765,41,0.23438,3.709,-0.4707,-1.3384,339
765,41,0.35547,3.7305,-0.51953,-1.3384,350
765,41,0.35742,3.7695,-0.50781,-1.3384,241
765,41,0.36133,3.8066,-0.52148,-1.3384,120
765,41,0.24414,3.8223,-0.72266,-1.3384,80
765,41,0.22656,3.623,0.099609,-1.0038,22
765,41,0.22852,3.6621,0.076172,-1.0038,112
765,41,0.23242,3.7012,-0.041016,-1.0038,235
765,41,0.35156,3.7246,-0.18359,-1.0038,304
765,41,0.35547,3.7559,-0.28906,-1.0038,304
765,41,0.35742,3.7949,-0.28125,-1.0038,233
765,41,0.36133,3.8281,-0.32617,-1.0038,127
765,41,0.24414,3.8594,-0.48047,-1.0038,77
765,41,-5.9316,2.6016,-0.94141,-1.0038,33
765,41,-5.9668,2.5898,-1.0195,-1.0038,31
765,41,0.22852,3.6543,0.25781,-0.66921,44
765,41,0.23242,3.6914,0.25977,-0.66921,73
765,41,0.23438,3.7363,0.14453,-0.66921,68
765,41,0.35547,3.7656,-0.072266,-0.66921,65
765,41,0.35742,3.8027,-0.10156,-0.66921,63
765,41,0.24023,3.8477,-0.15039,-0.66921,39
765,41,-6.1367,2.2168,-0.52344,-0.66921,30
765,41,-5.9668,2.7363,-0.50586,-0.66921,29
766,28,0,3.6074,0.42773,0,9
766,28,0.22852,3.6602,0.13281,0,11
766,28,0.23242,3.6816,0.36523,0,15
766,28,0.11719,3.7246,0.36914,0,11
766,28,0,3.627,-0.93555,-2.0076,14
766,28,0,3.625,-0.56836,-1.673,19
766,28,0,3.6348,-0.73242,-1.673,60
766,28,0.11719,3.6582,-0.79297,-1.673,99
766,28,0.11914,3.6855,-0.84766,-1.673,76
766,28,0.11914,3.6855,-1.002,-1.673,24
766,28,0.22461,3.4453,-0.99609,-1.3384,27
766,28,0.22656,3.5742,-0.60742,-1.3384,71
766,28,-0.11523,3.668,0.033203,-1.3384,59
766,28,0,3.707,0.054688,-1.3384,97
766,28,0,3.7266,-0.37695,-1.3384,147
766,28,0.11914,3.7383,-0.57227,-1.3384,108
766,28,0.22461,3.4844,-0.84961,-1.0038,46
766,28,0.22656,3.5664,-0.64648,-1.0038,106
766,28,-0.11523,2.7051,-2.4785,-1.0038,61
766,28,0.11523,3.6387,0.70313,-1.0038,57
766,28,0.11719,3.7402,0.17969,-1.0038,83
766,28,0.11914,3.7773,-0.16602,-1.0038,56
766,28,0.22461,3.5293,-0.64258,-0.66921,27
766,28,0.33984,3.5684,-0.58984,-0.66921,58
766,28,0.22852,3.498,-1.084,-0.66921,37
766,28,0.35156,3.6602,0.71484,-0.66921,13
766,28,-1.377,0,3.6289,-1.0038,33
766,28,-1.1465,1.5527,3.1211,-0.66921,21
767,47,0,3.3496,0.80078,0,10
767,47,0.2168,3.4141,0.63867,0,20
767,47,0.2207,3.4785,0.48047,0,13
767,47,0.11133,3.5547,0.027344,0,26
767,47,0.11328,3.5898,0.14844,0,44
767,47,0.11328,3.625,0.18945,0,29
767,47,0.11133,3.5527,0.12305,0.33461,14
767,47,0,3.5723,0.39648,0.33461,21
767,47,0.11328,3.5859,0.5625,0.33461,14
767,47,0.11133,3.4375,-0.90625,-2.0076,19
767,47,0.22461,3.457,-0.96094,-2.0076,22
767,47,0.22656,3.4941,-0.96484,-2.0076,15
767,47,0.33008,3.4727,-0.45508,-1.673,22
767,47,0.33398,3.4434,-0.82227,-1.673,42
767,47,0.44922,3.377,-1.1445,-1.673,30
767,47,0,3.6113,-0.38477,-1.673,28
767,47,0,3.5996,-0.71289,-1.673,34
767,47,0,3.6035,-0.87109,-1.673,17
767,47,0.21289,3.3965,0.10938,-1.3384,25
767,47,0.21484,3.4316,0.18359,-1.3384,69
767,47,0.10938,3.2578,1.2207,-1.3384,36
767,47,0.10938,3.4219,-0.8125,-1.3384,87
767,47,0,3.5488,-0.24219,-1.3384,141
767,47,0,3.5918,-0.13086,-1.3384,145
767,47,0.11328,3.6133,-0.35156,-1.3384,126
767,47,0.11523,3.6133,-0.63477,-1.3384,89
767,47,0.23242,3.6387,-0.67188,-1.3384,43
767,47,0.10547,3.3887,0.30664,-1.0038,37
767,47,0.10742,3.4063,0.49023,-1.0038,93
767,47,-0.2168,1.4434,3.1602,-1.0038,45
767,47,0.10938,3.4961,-0.38086,-1.0038,213
767,47,0,3.5566,-0.029297,-1.0038,277
767,47,0,3.5898,0.17969,-1.0038,211
767,47,0,3.6309,-0.064453,-1.0038,152
767,47,0.22852,3.6406,-0.4043,-1.0038,105
767,47,0,3.3691,0.49219,-0.66921,15
767,47,0,3.3223,0.90625,-0.66921,33
767,47,0.10938,3.3105,-1.0703,-0.66921,37
767,47,0.2207,3.5117,-0.027344,-0.66921,140
767,47,0.11133,3.5488,0.19531,-0.66921,133
767,47,0.33789,3.5723,-0.21094,-0.66921,75
767,47,0.33984,3.6074,-0.24609,-0.66921,54
767,47,0.34375,3.6387,-0.32617,-0.66921,45
767,47,0.33398,3.5332,-0.22266,-0.33461,18
767,47,0.44922,3.5605,-0.18555,-0.33461,27
767,47,0.33984,3.6152,0.025391,-0.33461,20
767,47,0.97852,3.2734,-0.66016,-1.0038,23
768,48,0,3.3418,0.4082,0,11
768,48,0.10547,3.3711,0.4707,0,34
768,48,0.10742,3.4004,0.53125,0,57
768,48,0,3.4336,0.57422,0,55
768,48,0,3.4688,0.5918,0,33
768,48,0.11133,3.5059,0.58594,0,16
768,48,-0.23828,3.8145,-0.041016,0,20
768,48,0,3.8574,-0.083984,0,18
768,48,0,3.3125,0.94141,0.33461,20
768,48,0,3.3711,0.87109,0.33461,22
768,48,0,3.4336,0.76563,0.33461,15
768,48,0.10742,3.2422,-1.1543,-2.0076,15
768,48,0,3.2949,-1.1211,-2.0076,14
768,48,-0.21289,3.3965,-0.11914,-1.673,14
768,48,0,3.4297,-0.30078,-1.673,34
768,48,0,3.4531,-0.43359,-1.673,58
768,48,0.10938,3.4883,-0.45508,-1.673,47
768,48,0,3.5078,-0.58008,-1.673,18
768,48,0.3125,3.3105,0.17969,-1.3384,22
768,48,0.31641,3.3457,-0.20703,-1.3384,84
768,48,0.31836,3.3613,-0.43359,-1.3384,183
768,48,0.42969,3.3457,-0.69141,-1.3384,167
768,48,-0.2168,3.4668,0.22266,-1.3384,130
768,48,0,3.5137,-0.18555,-1.3384,166
768,48,0,3.5313,-0.41602,-1.3384,83
768,48,0.20898,3.3164,0.21094,-1.0038,50
768,48,0.21094,3.3594,-0.068359,-1.0038,196
768,48,0.21289,3.3926,-0.20703,-1.0038,450
768,48,0.32227,3.4121,-0.31836,-1.0038,487
768,48,0.54297,3.3945,-0.54883,-1.0038,190
768,48,-0.2207,3.4922,0.36719,-1.0038,133
768,48,0,3.5566,0.050781,-1.0038,79
768,48,0.10352,3.3086,0.35938,-0.66921,32
768,48,0.10547,3.3633,0.125,-0.66921,130
768,48,0.21289,3.3984,0.011719,-0.66921,314
768,48,0.21484,3.4355,-0.054688,-0.66921,372
768,48,0.32617,3.4629,-0.10547,-0.66921,195
768,48,0.43945,3.4883,-0.11328,-0.66921,51
768,48,0.10547,3.4023,0.10742,-0.33461,19
768,48,0.21484,3.4336,0.11523,-0.33461,22
768,48,0.33398,3.5059,-0.49609,-0.33461,16
768,48,-0.11914,3.8027,-0.35352,-0.33461,38
768,48,0,3.8477,-0.30273,-0.33461,34
768,48,-1.0762,2.1797,2.4395,-2.0076,8
768,48,1.916,1.2129,2.541,-1.673,8
768,48,-0.75391,1.5195,2.9961,-1.3384,95
768,48,-0.76172,1.7852,2.8887,-1.0038,129
768,48,-0.76953,1.8477,2.8945,-0.66921,30
769,29,0,3.3047,0.64844,0,25
769,29,0.10547,3.3574,0.55078,0,21
769,29,0.10156,3.1914,-0.62695,-1.673,20
769,29,0.10352,3.1992,-0.76563,-1.673,16
769,29,0,3.2773,-0.58203,-1.673,29
769,29,0,3.334,-0.47656,-1.673,54
769,29,0,3.373,-0.47266,-1.673,36
769,29,0.20117,3.2012,0.23633,-1.3384,26
769,29,0.20313,3.2461,0.10938,-1.3384,93
769,29,0.20508,3.2832,0.10352,-1.3384,121
769,29,-0.41602,3.3027,0.0625,-1.3384,60
769,29,-0.10547,3.3652,-0.039063,-1.3384,184
769,29,0,3.4043,0.011719,-1.3384,123
769,29,0.20117,3.1973,0.29102,-1.0038,46
769,29,0.20313,3.2324,0.30664,-1.0038,149
769,29,0.20508,3.2715,0.30469,-1.0038,208
769,29,0.51953,3.0957,-1.1113,-1.0038,106
769,29,0.10547,3.3633,-0.095703,-1.0038,195
769,29,0.31836,3.3789,-0.2793,-1.0038,147
769,29,0.53711,3.4004,0.027344,-1.0038,85
769,29,0.20117,3.1777,0.44531,-0.66921,25
769,29,0.20313,3.2129,0.4668,-0.66921,73
769,29,0.10352,3.2559,0.47656,-0.66921,103
769,29,0.3125,3.2871,-0.42969,-0.66921,72
769,29,0.31641,3.3418,-0.27734,-0.66921,109
769,29,0.42578,3.377,-0.10156,-0.66921,103
769,29,0.42969,3.3926,0.39453,-0.66921,56
769,29,0.72852,1.9277,-2.6152,-1.3384,42
769,29,-0.72852,3.0156,1.209,-1.0038,61
770,41,0,3.0508,0.74219,0,11
770,41,0,3.1094,0.66016,0,26
770,41,0.099609,3.1836,0.44141,0,43
770,41,0,3.2266,0.42383,0,42
770,41,0,3.2402,0.57422,0,21
770,41,0,3.0664,0.83789,0.33461,13
770,41,0,3.1309,0.73633,0.33461,21
770,41,0,3.1855,0.66602,0.33461,20
770,41,0.19531,3.1172,-0.32813,-1.673,15
770,41,0.099609,3.1387,-0.49219,-1.673,36
770,41,0.20117,3.1543,-0.58984,-1.673,66
770,41,0.10156,3.1992,-0.58984,-1.673,69
770,41,0,3.2754,-0.32227,-1.673,33
770,41,0.097656,3.1016,-0.0078125,-1.3384,26
770,41,0.19531,3.1328,-0.050781,-1.3384,104
770,41,0.19922,3.1641,-0.21484,-1.3384,222
770,41,0.099609,3.1934,-0.35742,-1.3384,322
770,41,0.10156,3.2383,-0.30859,-1.3384,303
770,41,-0.10352,3.2891,0.099609,-1.3384,127
770,41,0.51953,3.207,-0.72266,-1.3384,97
770,41,0.42188,3.2949,-0.54688,-1.3384,87
770,41,0.097656,3.0918,0.23047,-1.0038,36
770,41,0.097656,3.1348,0.14844,-1.0038,139
770,41,0.099609,3.1758,-0.025391,-1.0038,280
770,41,0.099609,3.2109,-0.14453,-1.0038,375
770,41,0.10156,3.252,-0.083984,-1.0038,328
770,41,-0.20508,3.2344,0.57227,-1.0038,128
770,41,0.51953,3.252,-0.49023,-1.0038,154
770,41,0.42188,3.3164,-0.39453,-1.0038,129
770,41,0,3.0801,0.36914,-0.66921,14
770,41,0.19531,3.1152,0.33984,-0.66921,55
770,41,0.099609,3.1719,0.1543,-0.66921,103
770,41,0.099609,3.2148,0,-0.66921,130
770,41,0,3.2539,-0.068359,-0.66921,101
770,41,0.61719,3.1582,-0.68945,-0.66921,37
770,41,0.41602,3.291,-0.28516,-0.66921,78
770,41,0.42188,3.3242,-0.33008,-0.66921,70
770,41,0.099609,3.2051,-0.23828,-0.33461,18
770,41,0.10156,3.2344,-0.33008,-0.33461,19
770,41,-0.72852,2.0977,2.4805,-1.3384,49
770,41,-0.41211,2,2.582,-0.66921,37
771,46,0,2.9492,0.68359,0,9
771,46,0,3,0.62695,0,25
771,46,0.097656,3.0547,0.5332,0,29
771,46,0.29492,3.084,0.51172,0,11
771,46,0,3.1543,0.38672,0,15
771,46,0.099609,3.1973,0.32031,0,20
771,46,0.20313,3.2285,0.35742,0,15
771,46,0,2.9824,0.85352,0.33461,12
771,46,0.18945,3.0078,-0.28516,-1.673,32
771,46,0.28711,3.0332,-0.33789,-1.673,101
771,46,0.29102,3.0625,-0.4043,-1.673,152
771,46,0.29492,3.0801,-0.54102,-1.673,115
771,46,0.29883,3.041,-0.87305,-1.673,43
771,46,0.099609,3.1563,-0.61133,-1.673,38
771,46,0.20313,3.1973,-0.57031,-1.673,24
771,46,0.1875,2.9707,0.26758,-1.3384,15
771,46,0.18945,3.0215,-0.0078125,-1.3384,93
771,46,0.19141,3.0586,-0.050781,-1.3384,267
771,46,0.19336,3.0938,-0.11328,-1.3384,346
771,46,0.39258,3.1133,-0.11719,-1.3384,180
771,46,0,3.084,-0.76563,-1.3384,104
771,46,0.099609,3.1875,-0.41602,-1.3384,153
771,46,0.30469,3.2168,-0.38086,-1.3384,109
771,46,0.2793,2.9238,0.55078,-1.0038,15
771,46,0.18945,3.002,0.33008,-1.0038,74
771,46,0.19141,3.0469,0.27148,-1.0038,190
771,46,0.29102,3.0762,0.28711,-1.0038,213
771,46,0.58789,2.9922,0.74805,-1.0038,71
771,46,0,3.1641,-0.30273,-1.0038,139
771,46,0.099609,3.207,-0.2207,-1.0038,154
771,46,0.30469,3.2344,-0.16406,-1.0038,116
771,46,-5.6387,2.0059,-0.59766,-1.0038,30
771,46,-5.6758,2.0117,-0.62695,-1.0038,23
771,46,0.19141,2.8027,1.2246,-0.66921,21
771,46,0.38867,2.0762,2.2734,-0.66921,17
771,46,0,3.1367,-0.14063,-0.66921,40
771,46,0,3.1777,0.068359,-0.66921,51
771,46,0,3.2148,-0.048828,-0.66921,37
771,46,0.30469,3.2383,0.050781,-0.66921,32
771,46,-5.6035,2.0703,-0.20313,-0.66921,38
771,46,-5.6387,2.0879,-0.15039,-0.66921,45
771,46,-5.6758,2.1035,-0.11133,-0.66921,33
771,46,-0.88281,2.3125,-1.9316,0,6
771,46,-1.0918,1.5156,2.5703,-1.673,27
771,46,-1.1914,1.0723,2.7441,-1.3384,56
771,46,-0.49023,2.6641,-1.5879,-1.0038,63
772,46,0.091797,2.9492,0.050781,0,16
772,46,0.09375,2.9707,0.32227,0,43
772,46,0.18945,3,0.35742,0,46
772,46,0.19141,3.0273,0.42969,0,26
772,46,0.19336,3.0625,0.45508,0,16
772,46,0.19531,3.1016,0.44531,0,14
772,46,0.09375,2.9355,0.55859,0.33461,20
772,46,0.09375,2.9727,0.5625,0.33461,22
772,46,0.095703,3.0117,0.55859,0.33461,13
772,46,0.18945,2.9434,-0.67969,-2.0076,10
772,46,0.18359,2.8594,-0.70508,-1.673,26
772,46,0.2793,2.9219,-0.5625,-1.673,72
772,46,0.2832,2.9414,-0.6582,-1.673,80
772,46,0.28711,2.9805,-0.64844,-1.673,53
772,46,0.29102,3.041,-0.54297,-1.673,44
772,46,0.39258,3.0586,-0.58984,-1.673,42
772,46,0.39648,3.0723,-0.70898,-1.673,27
772,46,0.17969,2.8633,0.19922,-1.3384,13
772,46,0.27344,2.8906,0.24805,-1.3384,40
772,46,0.18359,2.8945,-0.53906,-1.3384,95
772,46,0.1875,2.9531,-0.41992,-1.3384,325
772,46,0.18945,2.9902,-0.43164,-1.3384,375
772,46,0.28711,3.0273,-0.38672,-1.3384,243
772,46,0.29102,3.0723,-0.32422,-1.3384,162
772,46,0.39258,3.0938,-0.37109,-1.3384,122
772,46,0.39648,3.123,-0.42969,-1.3384,68
772,46,0.17969,2.8574,0.26563,-1.0038,18
772,46,0.18164,2.9004,0.21484,-1.0038,65
772,46,0.091797,2.9297,-0.33594,-1.0038,100
772,46,0.1875,2.9727,-0.23828,-1.0038,352
772,46,0.18945,3.0117,-0.22266,-1.0038,441
772,46,0.095703,3.0605,-0.13477,-1.0038,313
772,46,0.19336,3.0918,-0.16016,-1.0038,201
772,46,0.39258,3.1055,-0.26172,-1.0038,116
772,46,0.091797,2.9043,0.20898,-0.66921,33
772,46,0.18359,2.9414,-0.13086,-0.66921,41
772,46,0.09375,2.9863,-0.058594,-0.66921,104
772,46,0.09375,3.0254,0.021484,-0.66921,156
772,46,0.095703,3.0625,0.037109,-0.66921,140
772,46,0.097656,3.0996,-0.044922,-0.66921,92
772,46,0.19531,3.127,-0.20898,-0.66921,49
772,46,-5.7539,1.3457,-0.59766,-0.66921,39
772,46,0.09375,2.9863,0.037109,-0.33461,13
772,46,0.09375,3.0254,-0.0039063,-0.33461,17
772,46,0,3.0645,0,-0.33461,12
772,46,-5.7539,1.457,-0.21875,-0.33461,24
773,48,0.089844,2.8594,0.28125,0,22
773,48,0.091797,2.9043,0.20313,0,40
773,48,0.091797,2.9492,0.083984,0,37
773,48,0,2.9883,0.027344,0,21
773,48,0,2.8887,0.375,0.33461,13
773,48,0,2.9258,0.39063,0.33461,12
773,48,0.37891,2.8789,-0.85547,-2.0076,12
773,48,0.17969,2.8027,-0.61914,-1.673,21
773,48,0.18164,2.8379,-0.63281,-1.673,47
773,48,0.27734,2.875,-0.60742,-1.673,59
773,48,0.4668,2.8809,-0.64844,-1.673,55
773,48,0.47266,2.916,-0.6582,-1.673,57
773,48,0.47852,2.959,-0.63867,-1.673,45
773,48,0.48438,2.9727,-0.74219,-1.673,29
773,48,0.17578,2.793,-0.054688,-1.3384,50
773,48,0.26563,2.8203,-0.1582,-1.3384,68
773,48,0.35938,2.8359,-0.31641,-1.3384,140
773,48,0.27344,2.875,-0.38867,-1.3384,284
773,48,0.36914,2.8965,-0.42383,-1.3384,235
773,48,0,2.957,0.43359,-1.3384,43
773,48,0.37891,2.9375,-0.62109,-1.3384,115
773,48,0.38281,2.9922,-0.53906,-1.3384,131
773,48,0.48438,3.0156,-0.53906,-1.3384,73
773,48,0.25977,2.748,0.074219,-1.0038,19
773,48,0.17578,2.793,0.11133,-1.0038,99
773,48,0.26563,2.8242,-0.0078125,-1.0038,150
773,48,0.26953,2.8574,-0.17383,-1.0038,332
773,48,0.27344,2.8906,-0.24023,-1.0038,601
773,48,0.18359,2.9297,-0.30469,-1.0038,476
773,48,0.1875,2.9492,-0.45313,-1.0038,198
773,48,0.2832,2.9629,-0.55469,-1.0038,149
773,48,0.38281,3.0117,-0.42383,-1.0038,128
773,48,0.17578,2.7793,0.28125,-0.66921,59
773,48,0.26563,2.8223,0.14063,-0.66921,94
773,48,0.17969,2.8691,-0.027344,-0.66921,228
773,48,0.18164,2.9063,-0.085938,-0.66921,407
773,48,0.18359,2.9414,-0.16602,-0.66921,331
773,48,0.1875,2.9707,-0.27539,-0.66921,164
773,48,0.09375,3.0039,-0.36523,-0.66921,86
773,48,-5.5684,1.8066,-1.0039,-0.66921,28
773,48,-5.6035,1.6055,-1.3242,-0.66921,23
773,48,0.089844,2.873,0.083984,-0.33461,22
773,48,0.091797,2.9102,0.068359,-0.33461,40
773,48,0.091797,2.9492,0.066406,-0.33461,35
773,48,0,2.9883,0.048828,-0.33461,18
773,48,-0.66992,1.6699,2.4805,-1.673,23
773,48,0.74219,5.7832,-1.1387,-0.66921,15
773,48,0.56055,5.8926,-0.83984,-0.66921,12
774,55,0.085938,2.6348,0.68945,0,14
774,55,0.17188,2.6719,0.67383,0,24
774,55,0.26172,2.7109,0.64453,0,25
774,55,0.35547,2.6602,0.91992,0,16
774,55,-0.17969,2.8672,-0.10156,0,18
774,55,0,2.9121,-0.076172,0,24
774,55,0.18359,2.9453,0.0058594,0,21
774,55,0.4375,2.6992,-0.59961,-2.0076,17
774,55,0.44336,2.7012,-0.74609,-2.0076,21
774,55,0.44922,2.7148,-0.83398,-2.0076,18
774,55,0.45508,2.7656,-0.79297,-2.0076,12
774,55,0.085938,2.5449,-0.9668,-1.673,16
774,55,0.3457,2.7402,0.037109,-1.673,27
774,55,0.52539,2.7344,-0.30078,-1.673,43
774,55,0.53125,2.752,-0.44141,-1.673,40
774,55,0.44922,2.7852,-0.55469,-1.673,17
774,55,0.45508,2.8242,-0.54688,-1.673,19
774,55,0.46094,2.8477,-0.625,-1.673,27
774,55,0.37305,2.8945,-0.64258,-1.673,19
774,55,0.16797,2.6777,-0.13867,-1.3384,16
774,55,0.25586,2.7031,-0.2168,-1.3384,76
774,55,0.25977,2.7402,-0.23047,-1.3384,186
774,55,0.26172,2.7852,-0.11914,-1.3384,211
774,55,0.17773,2.75,0.67773,-1.3384,72
774,55,0.44922,2.6563,-1.0059,-1.3384,33
774,55,0.55273,2.8926,-0.1875,-1.3384,35
774,55,0.37305,2.9492,-0.31445,-1.3384,32
774,55,0.25195,2.6719,0.099609,-1.0038,37
774,55,0.25586,2.7109,0.091797,-1.0038,143
774,55,0.25977,2.75,0.019531,-1.0038,353
774,55,0.26172,2.7871,0.046875,-1.0038,429
774,55,0.35547,2.7715,0.49023,-1.0038,206
774,55,-0.17969,2.8691,-0.050781,-1.0038,114
774,55,0,2.8887,-0.37695,-1.0038,110
774,55,0.25195,2.6621,0.25391,-0.66921,27
774,55,0.25586,2.6953,0.30469,-0.66921,96
774,55,0.25977,2.7383,0.24414,-0.66921,219
774,55,0.26172,2.7754,0.26367,-0.66921,268
774,55,0.44336,2.707,0.72461,-0.66921,142
774,55,-0.17969,2.8633,-0.20508,-0.66921,118
774,55,-0.091797,2.8789,-0.4375,-0.66921,123
774,55,0,2.875,-0.66406,-0.66921,73
774,55,0.17188,2.7031,0.53516,-0.33461,13
774,55,0.34961,2.6758,0.74219,-0.33461,15
774,55,-0.35547,2.793,-0.35938,-0.33461,16
774,55,-0.089844,2.8711,-0.14648,-0.33461,29
774,55,0,2.8984,-0.28516,-0.33461,28
774,55,-5.6074,1.252,-0.70117,-0.33461,38
774,55,-0.62109,2.6699,-0.73633,0,10
774,55,-0.62109,1.8574,2.0547,-2.0076,11
774,55,-0.62891,1.9668,2,-1.673,10
774,55,-0.26953,2.8262,0.46094,-1.3384,30
774,55,-0.62109,2.123,-1.7773,-1.0038,106
774,55,-0.53125,2.4434,-1.3398,-0.66921,84
774,55,0.70898,0,2.7559,-0.33461,11
775,41,0.16797,2.6738,0.19531,0,9
775,41,0,2.6816,0.47852,0,16
775,41,0,2.7422,0.33398,0,23
775,41,0,2.7871,0.25586,0,29
775,41,0,2.8359,0.11523,0,27
775,41,0.33008,2.5918,-0.4375,-1.673,12
775,41,0.25195,2.6152,-0.55859,-1.673,16
775,41,0.42578,2.6387,-0.52539,-1.673,36
775,41,0.43164,2.6758,-0.53516,-1.673,54
775,41,0.4375,2.6992,-0.60156,-1.673,36
775,41,0.24414,2.5938,-0.17578,-1.3384,28
775,41,0.24805,2.6172,-0.3125,-1.3384,89
775,41,0.25195,2.625,-0.50781,-1.3384,180
775,41,0.25586,2.6406,-0.61719,-1.3384,271
775,41,0.25977,2.6758,-0.63477,-1.3384,315
775,41,0.26172,2.709,-0.65234,-1.3384,253
775,41,0.17773,2.7227,-0.78125,-1.3384,115
775,41,0.24414,2.5996,-0.037109,-1.0038,39
775,41,0.24805,2.6309,-0.16406,-1.0038,140
775,41,0.25195,2.6504,-0.35156,-1.0038,333
775,41,0.25586,2.6797,-0.41992,-1.0038,528
775,41,0.17188,2.7207,-0.44141,-1.0038,610
775,41,0.17578,2.7539,-0.47266,-1.0038,504
775,41,0.17773,2.7754,-0.56836,-1.0038,276
775,41,0.17969,2.7871,-0.67969,-1.0038,103
775,41,0.16406,2.6055,0.068359,-0.66921,21
775,41,0.24805,2.6348,-0.10352,-0.66921,75
775,41,0.25195,2.666,-0.21289,-0.66921,195
775,41,0.25586,2.7012,-0.24414,-0.66921,317
775,41,0.17188,2.7461,-0.23438,-0.66921,362
775,41,0.17578,2.7813,-0.27734,-0.66921,316
775,41,0.087891,2.8047,-0.41797,-0.66921,199
775,41,0.089844,2.8262,-0.51953,-0.66921,87
775,41,-5.6074,1.3555,-0.47266,-0.66921,45
775,41,-5.4629,1.9941,-0.36914,-0.66921,32
775,41,0.083984,2.6602,-0.36914,-0.33461,16
775,41,0.085938,2.7168,-0.17383,-0.33461,24
775,41,0.085938,2.7539,-0.20508,-0.33461,26
775,41,0.087891,2.7715,-0.38086,-0.33461,26
775,41,0.17773,2.8125,-0.33008,-0.33461,23
775,41,-5.6074,1.4258,-0.16211,-0.33461,32
776,47,0.080078,2.5703,0.048828,0,20
776,47,0.16406,2.6016,0.14844,0,54
776,47,0.16602,2.6387,0.15234,0,53
776,47,0.16797,2.6797,0.089844,0,29
776,47,0,2.7168,-0.19336,0,14
776,47,0.082031,2.5898,0.32031,0.33461,29
776,47,0.16602,2.625,0.31445,0.33461,29
776,47,0.16797,2.668,0.25586,0.33461,15
776,47,0.24414,2.4473,-0.87305,-2.0076,13
776,47,0.24805,2.4746,-0.91211,-2.0076,14
776,47,0.16016,2.4043,-0.90039,-1.673,28
776,47,0.24414,2.5,-0.71289,-1.673,75
776,47,0.24805,2.5371,-0.71484,-1.673,70
776,47,0.25195,2.5566,-0.7832,-1.673,33
776,47,0.25586,2.5977,-0.7793,-1.673,12
776,47,0.23438,2.4805,-0.17578,-1.3384,62
776,47,0.23828,2.5176,0.16602,-1.3384,112
776,47,0.24023,2.332,-1.0605,-1.3384,123
776,47,0.24414,2.5313,-0.5918,-1.3384,477
776,47,0.33008,2.5703,-0.54883,-1.3384,493
776,47,0.25195,2.5898,-0.66797,-1.3384,234
776,47,0.16992,2.6328,-0.67969,-1.3384,108
776,47,0.19531,2.9395,-1.0859,-1.3384,18
776,47,0.30664,2.4277,-0.25195,-1.0038,17
776,47,0.23438,2.4863,0.0078125,-1.0038,94
776,47,0.23828,2.5078,0.2832,-1.0038,185
776,47,0.16016,2.2539,-1.2285,-1.0038,141
776,47,0.24414,2.5605,-0.44922,-1.0038,615
776,47,0.24805,2.6055,-0.39844,-1.0038,683
776,47,0.16797,2.6211,-0.56445,-1.0038,342
776,47,0.085938,2.668,-0.54297,-1.0038,213
776,47,-5.5352,0.93164,-1.0684,-1.0038,42
776,47,-5.3906,1.7402,-0.99023,-1.0038,35
776,47,0.23438,2.4824,0.13477,-0.66921,46
776,47,0.1582,2.4922,0.42969,-0.66921,91
776,47,0.080078,2.0273,-1.582,-0.66921,54
776,47,0.16406,2.582,-0.3457,-0.66921,238
776,47,0.16602,2.6309,-0.26172,-0.66921,273
776,47,0.083984,2.6465,-0.45703,-0.66921,153
776,47,0,2.6934,-0.40234,-0.66921,128
776,47,0,2.7402,-0.3418,-0.66921,53
776,47,-5.3555,1.8984,-0.5918,-0.66921,62
776,47,-5.3906,1.8691,-0.71289,-0.66921,47
776,47,0.082031,2.6074,-0.066406,-0.33461,18
776,47,0.16602,2.6426,-0.015625,-0.33461,19
776,47,-0.75586,1.6387,1.9902,-1.673,19
776,47,-0.93555,1.7051,1.9063,-1.673,7
777,46,0.15039,2.3887,0.36133,0,13
777,46,0.1543,2.4141,0.43945,0,45
777,46,0.078125,2.4453,0.49805,0,66
777,46,0,2.5039,0.39258,0,51
777,46,-0.080078,2.5684,0.125,0,31
777,46,0,2.6113,0.021484,0,24
777,46,0,2.6484,0.037109,0,16
777,46,0.076172,2.3652,0.66602,0.33461,22
777,46,0,2.3926,0.71289,0.33461,33
777,46,0,2.4648,0.58984,0.33461,27
777,46,0,2.5586,0.26367,0.33461,16
777,46,0.1543,2.3594,-0.67578,-2.0076,14
777,46,0.15625,2.4102,-0.63281,-2.0076,22
777,46,0.1582,2.4395,-0.66992,-2.0076,17
777,46,0.22656,2.3418,0.57422,-1.673,14
777,46,0.23047,2.4395,0.20703,-1.673,39
777,46,0.23438,2.4785,-0.19922,-1.673,84
777,46,0.23828,2.4824,-0.45117,-1.673,113
777,46,0.24023,2.4609,-0.71094,-1.673,102
777,46,0.16406,2.457,-0.86719,-1.673,75
777,46,0.082031,2.4883,-0.9043,-1.673,48
777,46,0.083984,2.5293,-0.89844,-1.673,23
777,46,0.15039,2.416,0.0097656,-1.3384,81
777,46,0.23047,2.4473,0.056641,-1.3384,284
777,46,0.15625,2.4922,0.019531,-1.3384,432
777,46,0.1582,2.5254,-0.15625,-1.3384,378
777,46,0.080078,2.5078,-0.56445,-1.3384,251
777,46,0.082031,2.4785,-0.81836,-1.3384,181
777,46,0.082031,2.5059,-0.85352,-1.3384,116
777,46,0.22656,2.4082,0.10742,-1.0038,91
777,46,0.1543,2.4531,0.09375,-1.0038,353
777,46,0.15625,2.4902,0.10742,-1.0038,529
777,46,0.1582,2.5293,0.0097656,-1.0038,404
777,46,0,2.5254,-0.48633,-1.0038,211
777,46,0,2.5098,-0.71875,-1.0038,139
777,46,0,2.5293,-0.7832,-1.0038,87
777,46,-5.4609,0.68359,-1.2188,-1.0038,46
777,46,0.076172,2.4121,0.18555,-0.66921,23
777,46,0.1543,2.4473,0.17969,-0.66921,115
777,46,0.15625,2.4863,0.17188,-0.66921,183
777,46,0.1582,2.5273,0.095703,-0.66921,129
777,46,0.32227,2.5508,0.097656,-0.66921,67
777,46,0.32617,2.5859,0.14063,-0.66921,49
777,46,-5.6367,0,-0.79688,-0.66921,54
777,46,0.076172,2.4512,0.19336,-0.33461,12
777,46,0.078125,2.4922,0.12109,-0.33461,18
778,46,0,2.2246,0.61523,0,11
778,46,0.074219,2.2832,0.53125,0,29
778,46,0.074219,2.3496,0.39844,0,30
778,46,0,2.4219,0.044922,0,16
778,46,0.076172,2.4453,0.25195,0,18
778,46,0.078125,2.4824,0.25586,0,18
778,46,0,2.2305,0.72656,0.33461,13
778,46,0,2.293,0.6543,0.33461,13
778,46,0.072266,2.3066,0.0019531,-1.673,14
778,46,0.074219,2.3438,0.041016,-1.673,31
778,46,0.22266,2.3652,0.18359,-1.673,22
778,46,0.1543,2.373,-0.625,-1.673,12
778,46,0.078125,2.4355,-0.54688,-1.673,26
778,46,0.080078,2.457,-0.62109,-1.673,19
778,46,0.14453,2.2969,0.17578,-1.3384,65
778,46,0.14648,2.3398,0.09375,-1.3384,152
778,46,0.14844,2.3789,-0.060547,-1.3384,119
778,46,0.60547,1.1992,-2.0137,-1.3384,28
778,46,0.076172,2.4512,-0.19531,-1.3384,78
778,46,0,2.4688,-0.37891,-1.3384,95
778,46,-0.1582,2.457,-0.60352,-1.3384,41
778,46,0.2168,2.2871,0.22656,-1.0038,82
778,46,0.14648,2.3379,0.11328,-1.0038,197
778,46,0.14844,2.373,-0.1582,-1.0038,178
778,46,0.45313,1.7832,-1.5723,-1.0038,62
778,46,0,2.457,0.10352,-1.0038,88
778,46,-0.15625,2.4648,-0.36719,-1.0038,97
778,46,0.55469,2.4375,-0.42383,-1.0038,67
778,46,0.14453,2.2871,0.27148,-0.66921,33
778,46,0.14648,2.3379,0.12695,-0.66921,80
778,46,0.14844,2.3691,-0.22266,-0.66921,86
778,46,0.22656,2.1426,-1.1035,-0.66921,46
778,46,0.53711,1.1934,2.082,-0.66921,35
778,46,0.54688,2.4043,-0.39844,-0.66921,58
778,46,0.47461,2.4746,-0.2793,-0.66921,55
778,46,-0.76758,1.873,1.3965,-1.673,7
778,46,-0.30273,2.3945,0.19531,-1.3384,20
778,46,0.71289,1.1699,2.1328,-1.3384,24
778,46,-0.74414,0.99805,2.0332,-1.0038,91
778,46,-0.5293,2.1953,0.875,-1.0038,40
778,46,0.625,2.4102,0.18359,-1.0038,84
778,46,-0.39648,0.58203,2.4355,-1.0038,47
778,46,-0.74414,0.97461,2.043,-0.66921,50
778,46,-0.75586,1.7324,1.5137,-0.66921,29
778,46,-0.30664,2.4141,0.34961,-0.66921,24
778,46,-0.3125,2.2715,0.98633,-0.66921,36
